LV	logFC	AveExpr	t	P.Value	adj.P.Val	B
1,IRIS_Monocyte-Day1	0.03648252489890126	3.3191803350652723e-19	7.757904735507017	1.7789217579687417e-14	1.0222162340566649e-13	21.114542255151193
2,REACTOME_DNA_REPLICATION	0.05905794873722385	2.0923199819895698e-20	6.423364717297211	1.8877874244694443e-10	7.557073347414641e-10	12.018070612316116
3,REACTOME_TCA_CYCLE_AND_RESPIRATORY_ELECTRON_TRANSPORT	0.0051201997619657914	2.223911346146104e-18	0.8852383996012225	0.37619771275653047	0.434943301535328	-7.89121909287476
4,REACTOME_METABOLISM_OF_NUCLEOTIDES	-0.0024697436180346624	3.3062114095570726e-19	-0.6648020159427275	0.5062993228394661	0.5633677436219493	-8.062007373133945
5,REACTOME_NEURONAL_SYSTEM	1.7927855967014676e-4	-1.1464530149248636e-19	0.04977070184260431	0.9603130372803725	0.9653277267700873	-8.281748165851463
6,KEGG_HEDGEHOG_SIGNALING_PATHWAY	0.0016954110399533462	3.853500066003105e-19	0.6192973185165516	0.5358329627660194	0.5911051308450358	-8.091219009813699
7,DMAP_ERY3	0.038307187301963294	-1.0288680903171852e-18	3.4832193635185384	5.124761077511242e-4	9.472215707758139e-4	-2.244716495819776
8,REACTOME_INFLUENZA_VIRAL_RNA_TRANSCRIPTION_AND_REPLICATION	0.02945223481442474	1.255219070186966e-18	2.516923892667816	0.01196230721670052	0.017942980366667593	-5.122971486627295
9,PID_TCR_PATHWAY	-0.05327683082844521	-2.3202272329203348e-18	-7.678924322064931	3.213705066891621e-14	1.7426428883848934e-13	20.532494849599637
10,SVM T cells CD4 memory resting	0.02458564165783838	7.710458512141729e-19	5.510943750339809	4.327688983374019e-8	1.3223494115865058e-7	6.723803407779847
11,IRIS_DendriticCell-Control	-0.04757591334933797	-7.878189948714446e-19	-6.954537750997969	5.678092827342032e-12	2.665933827471564e-11	15.44903304322331
12,SVM Neutrophils	-0.01560022346375961	9.314282299989107e-19	-2.5164736926322755	0.011977521959048236	0.017942980366667593	-5.124099001165552
13,REACTOME_DEVELOPMENTAL_BIOLOGY	-0.027824828194976448	-6.378982159966549e-19	-3.096663655827059	0.0020005228835334975	0.0034383987060731987	-3.5057543776165065
14,KEGG_BASAL_CELL_CARCINOMA	-0.01561356908352482	3.0805521057143957e-19	-4.411474289747765	1.1147212007652563e-5	2.52451566055661e-5	1.3744583333019467
15,REACTOME_METABOLISM_OF_AMINO_ACIDS_AND_DERIVATIVES	7.15557280903078e-4	-3.980595535983463e-19	0.1656459947007007	0.8684622392610658	0.8916212323080275	-8.269265451807264
16,KEGG_CALCIUM_SIGNALING_PATHWAY	-8.631827222091758e-4	7.202076632220296e-19	-0.23939767358676944	0.810836340856007	0.8414339386241582	-8.25432708646871
17,BIOCARTA_CHREBP2_PATHWAY	-0.04399785351283465	7.66031200017669e-20	-8.379783676775926	1.4051371392367883e-16	1.0018107381595621e-15	25.885141735939
18,REACTOME_COLLAGEN_FORMATION	0.030005082226514844	1.6410878338076045e-18	7.991516442314183	2.998926824157678e-15	1.8622368182269455e-14	22.8677406084011
19,REACTOME_PEPTIDE_CHAIN_ELONGATION	0.013394853153145486	1.3325570959675308e-18	1.5710254595179467	0.11642890951980772	0.14991682329473568	-7.049929536991074
20,KEGG_INTESTINAL_IMMUNE_NETWORK_FOR_IGA_PRODUCTION	-0.010127110816660482	4.86723774322739e-19	-3.955776670818122	8.055657030691745e-5	0.00016674343853851191	-0.506004641033222
21,SVM Macrophages M1	-0.014844172676750438	7.136367409645417e-19	-2.531759728036704	0.011470424675520159	0.01738627362234355	-5.085703815708575
22,MIPS_SPLICEOSOME	0.060946268312887186	-1.7568571088441346e-18	4.118504757814257	4.063014614100226e-5	8.787981047351613e-5	0.14262746099461587
23,DMAP_ERY4	-0.023765751302334166	-9.298719589379266e-20	-6.783858185181572	1.7984887875333933e-11	7.868388445458596e-11	14.318943130635521
24,REACTOME_PLATELET_HOMEOSTASIS	-0.014598064153939227	1.7010907291588756e-18	-4.8287413694057335	1.5431112093221268e-6	3.908538260454072e-6	3.2702625924707434
25,PID_INTEGRIN1_PATHWAY	-0.019573485425171733	2.068802997068034e-18	-2.8689311080760813	0.004187621678391801	0.00671671224996568	-4.180355728524045
26,SVM Neutrophils	-0.03716161157950734	5.1011106998919265e-21	-4.100970492489957	4.379089036918929e-5	9.418711057060267e-5	0.07151205532369431
LV 27	-0.0038313697499766956	-9.129258962738788e-19	-1.1296296914905422	0.2588482464964707	0.31338545566396614	-7.645171151359514
28,REACTOME_INTERFERON_ALPHA_BETA_SIGNALING	0.01259322487801369	-6.000289535127114e-19	1.598711250004674	0.11013659741552417	0.14229057048649935	-7.006131485922441
29,REACTOME_E2F_MEDIATED_REGULATION_OF_DNA_REPLICATION	0.022787961166480724	-2.09145538695569e-19	8.24160607996431	4.2370483143822195e-16	2.912970716137776e-15	24.79657174283819
30,REACTOME_TRANSPORT_OF_INORGANIC_CATIONS_ANIONS_AND_AMINO_ACIDS_OLIGOPEPTIDES	3.5439978174406795e-4	-5.012057411402288e-19	0.11685692397769017	0.9069921389305687	0.9262386564675569	-8.276158040520324
31,KEGG_CYSTEINE_AND_METHIONINE_METABOLISM	0.03402634889681387	9.828716345147699e-19	8.940802736125377	1.3519320758995767e-18	1.1315083678724718e-17	30.469995700054326
32,PID_ANGIOPOIETINRECEPTOR_PATHWAY	-0.0962509385105001	-7.68970823132861e-19	-14.774862787637987	1.157394223919528e-45	7.426612936816972e-44	92.35575442176653
33,IRIS_Monocyte-Day7	-0.021524274062943854	-1.1285991274752417e-18	-5.671385081888273	1.7566173265088492e-8	5.635813922549225e-8	7.599177489503839
34,REACTOME_3_UTR_MEDIATED_TRANSLATIONAL_REGULATION	0.013336177886853847	-6.000289535127113e-20	4.164871934151643	3.328311419278196e-5	7.239547437413024e-5	0.33210591162727177
35,DMAP_MEGA2	-0.01973455937978249	-1.901417398508869e-18	-4.067071455846471	5.057525823751289e-5	1.075772067483009e-4	-0.06513784000462941
36,DMAP_HSC3	-0.022373355661348335	-3.527547738230349e-20	-10.770219029815264	6.22335988203908e-26	9.2153598253271e-25	47.19679919392463
37,KEGG_PPAR_SIGNALING_PATHWAY	-0.07976652656756456	-1.902109074535973e-18	-25.056349889097454	1.1353331374514552e-112	4.3710325791881024e-110	246.23997650143824
38,KEGG_SNARE_INTERACTIONS_IN_VESICULAR_TRANSPORT	-0.010941938715928039	-1.5720066906005934e-18	-3.5454396916886854	4.0638574194373756e-4	7.63212247065068e-4	-2.0281501690820036
39,KEGG_CELL_ADHESION_MOLECULES_CAMS	-0.010168041784483169	3.7220816208533464e-19	-2.8383239904980986	0.004608187533926035	0.007331207440336874	-4.267148150351885
40,KEGG_DILATED_CARDIOMYOPATHY	-0.03084246072901039	3.164417824000755e-20	-4.809304104793346	1.6979768490169128e-6	4.244942122542282e-6	3.178281880662162
41,REACTOME_TRANSMEMBRANE_TRANSPORT_OF_SMALL_MOLECULES	-0.001485841885413322	-3.109948336866315e-19	-0.4649338224297134	0.6420595376243435	0.6963180900996403	-8.174896109945605
42,REACTOME_DEVELOPMENTAL_BIOLOGY	-0.047108589278589304	-1.244152253753302e-18	-10.45112106883049	1.429278943387568e-24	1.965258547157906e-23	44.08950160548839
43,KEGG_BASAL_CELL_CARCINOMA	-0.009227245407125627	6.513858985251827e-19	-1.37945504137165	0.16800034739747188	0.21000043424683984	-7.3320981879602165
44,MIPS_55S_RIBOSOME_MITOCHONDRIAL	0.09082242642226017	-1.5597294411194976e-19	6.930853084575189	6.6733569215167695e-12	3.095472788896333e-11	15.290658891471423
45,PID_MYC_REPRESSPATHWAY	0.0021666869830188765	1.8510115080336653e-18	0.8502128102946485	0.39536902044707534	0.4543793220063403	-7.921598618977415
46,REACTOME_AXON_GUIDANCE	0.0034173259664538004	-6.98333408864866e-19	0.7660677487585343	0.4437801113548788	0.5010420612071212	-7.989575711201442
47,PID_A6B1_A6B4_INTEGRIN_PATHWAY	0.03835162568904125	-1.4007304143889678e-18	9.442368645720183	1.7120343826061914e-20	1.6478330932584591e-19	34.789654686459215
48,IRIS_Neutrophil-Resting	-0.02484050364929534	-5.0665268985367274e-20	-9.07236614306735	4.383177975288758e-19	4.017913144014695e-18	31.58310485992417
49,SVM Neutrophils	0.011499692614550834	-2.5561752176661832e-19	5.151778093090268	2.994110630067725e-7	8.293040234360245e-7	4.851139860935167
50,IRIS_Bcell-Memory_IgM	0.012253177469609952	6.844134288193982e-19	1.9774500893371427	0.04820938691761108	0.06599867829967437	-6.330542704887749
51,REACTOME_NUCLEAR_RECEPTOR_TRANSCRIPTION_PATHWAY	0.004503766988093969	2.1074503950824698e-20	2.239278428352807	0.025312500889473805	0.0362279287823324	-5.780377362004613
52,REACTOME_RIG_I_MDA5_MEDIATED_INDUCTION_OF_IFN_ALPHA_BETA_PATHWAYS	0.010664111600679538	3.781738678191066e-19	2.9628114384945308	0.0031058887614658012	0.005066810055781074	-3.9084109107548564
53,PID_NFAT_TFPATHWAY	0.006744409177192748	2.7692978935176005e-19	1.82932112870597	0.06758877617653	0.09035305148598628	-6.611723493402675
LV 54	-0.0013926985050382256	-4.300495698519058e-19	-0.6341209177050962	0.5261175233826871	0.5820553060411912	-8.081930252594677
55,PID_ERA_GENOMIC_PATHWAY	0.006206275594882554	1.937125173408112e-19	2.347417646280831	0.019058801140426948	0.027689201656846695	-5.533371062973545
56,KEGG_CYTOKINE_CYTOKINE_RECEPTOR_INTERACTION	0.011259905728516373	9.564150264780423e-19	5.0876718228749755	4.17698966061454e-7	1.1405255456287927e-6	4.529600484083538
57,KEGG_SYSTEMIC_LUPUS_ERYTHEMATOSUS	0.0342004706631558	-4.2853652854261585e-19	6.664215373581476	3.9745240109221e-11	1.7002130491166763e-10	13.542333828155442
58,SVM Dendritic cells resting	-0.023250754375167115	-1.1620157255347034e-19	-5.142668467196891	3.13988572708379e-7	8.634685749480422e-7	4.805213174037984
59,REACTOME_LATE_PHASE_OF_HIV_LIFE_CYCLE	0.01703260442879346	-1.4677473369525904e-18	6.174354056351399	8.95607247847989e-10	3.2838932421092927e-9	10.497462540427165
60,IRIS_NKcell-control	-0.002665057088885046	2.8704555124815585e-20	-0.6113140017933868	0.5411024803464968	0.5952127283811465	-8.096130543450977
61,REACTOME_METABOLISM_OF_VITAMINS_AND_COFACTORS	-0.004176308746707259	-2.2462178980202076e-19	-1.9333349866336202	0.05341973006126182	0.07241759180840071	-6.416557377654385
62,KEGG_LYSOSOME	-0.05463187875865503	9.292235126625167e-19	-7.6690510460193995	3.459012302868451e-14	1.8496107452838244e-13	20.460114624753718
63,DMAP_ERY4	-0.004537988330693212	-6.98722476630112e-19	-0.9765339410656907	0.328988210190567	0.3826600027896323	-7.8062777083890245
64,DMAP_DENDA2	-0.013866898412238177	2.581680771165643e-19	-5.9201226449161055	4.147063882718196e-9	1.4005435042513204e-8	9.003402917380264
65,SVM NK cells resting	-0.03314623319488674	2.3122729586086387e-18	-5.493395918830779	4.769500327289791e-8	1.445872146461866e-7	6.629512784607632
66,IRIS_Neutrophil-Resting	-0.01700870197118691	9.516165240400084e-19	-6.442839672416476	1.6674952771362638e-10	6.829634911675124e-10	12.139371994072917
67,REACTOME_COLLAGEN_FORMATION	-0.01100338978223418	7.167492830865097e-20	-3.386523997927362	7.297546574086543e-4	0.0013067699679178229	-2.5738115246807487
68,REACTOME_RESPIRATORY_ELECTRON_TRANSPORT	0.005531969422146173	-1.6450217412117583e-18	2.383462520722811	0.017298713904524147	0.025419865852067926	-5.44847347544083
69,PID_EPHBFWDPATHWAY	-0.012984193960391886	-6.754216404670463e-19	-3.9038654302688234	9.970393913008678e-5	2.041809391759756e-4	-0.7075583088799418
70,KEGG_OXIDATIVE_PHOSPHORYLATION	-0.011757490920039335	1.4326339711391395e-19	-5.083707723326027	4.2633550047838136e-7	1.147826347441796e-6	4.509844454829656
71,SIG_PIP3_SIGNALING_IN_CARDIAC_MYOCTES	0.017930798965546387	-1.2211324109762475e-18	7.089787478274945	2.2366347747607718e-12	1.0630918373862928e-11	16.362987872812287
72,REACTOME_TRANSMEMBRANE_TRANSPORT_OF_SMALL_MOLECULES	0.025685782874347758	1.1814691137970031e-18	6.39733674065653	2.227135915012234e-10	8.661084113936466e-10	11.85649008773779
73,REACTOME_GLYCEROPHOSPHOLIPID_BIOSYNTHESIS	-1.1676946234076189e-4	7.317500069243275e-19	-0.04655912652823989	0.9628720195932534	0.9653794988109442	-8.281902877170763
74,KEGG_NOTCH_SIGNALING_PATHWAY	0.02354337343364013	-3.904511173002024e-19	6.422021444550218	1.9039899083096626e-10	7.557073347414641e-10	12.009716599940731
75,REACTOME_TRANSMEMBRANE_TRANSPORT_OF_SMALL_MOLECULES	0.03499056355513274	8.630387628190036e-19	7.366160895279202	3.172304760321496e-13	1.5658170932356104e-12	18.28099078131635
76,KEGG_CELL_CYCLE	0.01855471945563382	2.1330856378370115e-18	6.045239605375157	1.9646812194331223e-9	7.003724717423631e-9	9.731281826661242
77,KEGG_METABOLISM_OF_XENOBIOTICS_BY_CYTOCHROME_P450	0.05917760342600749	-2.5194299287262837e-19	8.552286899872783	3.464251921398752e-17	2.56487882642023e-16	27.26680749639163
78,KEGG_TIGHT_JUNCTION	0.0670600336477847	-3.8422603305626647e-19	9.903729684866558	2.5768619206477123e-22	3.1002869982792787e-21	38.94302284640795
79,KEGG_METABOLISM_OF_XENOBIOTICS_BY_CYTOCHROME_P450	0.003850856272557922	-3.428983904368031e-19	1.3341702746991884	0.18239019924358404	0.22651686035090277	-7.393461468751944
80,REACTOME_MEMBRANE_TRAFFICKING	0.005191310475933267	3.577564560940307e-18	1.9451902728887993	0.0519752552292344	0.07070838608924114	-6.393631719179164
81,MIPS_39S_RIBOSOMAL_SUBUNIT_MITOCHONDRIAL	0.006837262786742071	1.5212333472359913e-18	3.322248078723024	9.186796791218954e-4	0.0016150304861275331	-2.787536117192447
82,REACTOME_METABOLISM_OF_RNA	0.014435570981469777	-2.4706667688154526e-18	7.773516568470969	1.5816599586234884e-14	9.226349758637015e-14	21.230234511028637
83,SVM Monocytes	-0.10840802423206546	-2.1422935749478333e-18	-19.117455054160903	1.0624346813050425e-71	1.363457841008138e-69	152.1018436631839
84,REACTOME_RNA_POL_III_TRANSCRIPTION	-0.004875825370507583	-4.416351433058977e-19	-1.5576804829050126	0.11956124070040032	0.15292716833772135	-7.070768668714789
85,REACTOME_CLASS_A1_RHODOPSIN_LIKE_RECEPTORS	-0.006702265391785353	-6.704069892705424e-19	-2.694517707100053	0.0071431632315154415	0.011134080340621234	-4.662628792533599
86,REACTOME_RNA_POL_II_PRE_TRANSCRIPTION_EVENTS	-0.009693625061632637	-3.266094199985041e-18	-3.6523703145506663	2.7053766271409487e-4	5.207850007246327e-4	-1.647188162564282
87,REACTOME_L1CAM_INTERACTIONS	0.020608032488468795	-5.523897671459241e-19	6.430354381654835	1.8056309367481344e-10	7.317556954189807e-10	12.061566771827085
88,REACTOME_MUSCLE_CONTRACTION	-0.05350920989583189	-7.767521784377809e-19	-8.302574554998454	2.60864101476314e-16	1.826048710334198e-15	25.27488609351446
89,PID_BMPPATHWAY	0.0030437955093026974	9.04733858327866e-19	1.5545256091311228	0.12031132693518418	0.15337702274849638	-7.075669348286719
LV 90	0.006068573725878904	9.02204917853767e-20	2.6508861547328118	0.008129158930361275	0.012469028638203549	-4.778601945835504
91,KEGG_PYRUVATE_METABOLISM	3.4742510295050506e-4	-9.446565340172745e-19	0.10109042949336691	0.9194948294945566	0.9340514758717792	-8.2778764497817
92,REACTOME_METABOLISM_OF_PROTEINS	0.006839073416878805	-9.890102592553178e-19	2.679525129470497	0.007469136448764158	0.011502470131096804	-4.7026903118347585
93,REACTOME_SRP_DEPENDENT_COTRANSLATIONAL_PROTEIN_TARGETING_TO_MEMBRANE	0.016094234772245433	-1.937471011421664e-18	3.8335246872567605	1.3258482105731506e-4	2.631193613766304e-4	-0.9765203188249831
94,REACTOME_MITOTIC_M_M_G1_PHASES	-6.593413022081438e-4	1.8263921644439327e-18	-0.307595179799298	0.7584414473831238	0.7956402104700345	-8.235673264430934
95,PID_DELTANP63PATHWAY	0.010392764645034608	-1.534418421502661e-18	2.744017469283376	0.006155752112644459	0.009712969522000478	-4.528792219540589
96,PID_AVB3_INTEGRIN_PATHWAY	-0.034879412986459565	-1.530938426491294e-18	-12.12070263416498	4.698266613939621e-32	1.0640192037451495e-30	61.18966056469723
97,PID_DELTANP63PATHWAY	0.012307677257694343	-7.9473575514248455e-19	2.234149344438112	0.02564887913207317	0.036573401725363594	-5.791806002953192
98,REACTOME_METABOLISM_OF_LIPIDS_AND_LIPOPROTEINS	-0.04686623799215781	3.9909706763900225e-19	-8.80194705900565	4.371062180148876e-18	3.4344059986884026e-17	29.310726741380655
99,PID_AURORA_A_PATHWAY	-0.011066729298669491	-1.8064902675078079e-19	-4.5265047188771	6.566198572492289e-6	1.5228834038611635e-5	1.8805519225016525
100,KEGG_RIG_I_LIKE_RECEPTOR_SIGNALING_PATHWAY	-0.01209481719793718	5.500553605544481e-19	-4.235524312466407	2.446734769450772e-5	5.382816492791699e-5	0.6247914845150131
101,IRIS_Neutrophil-Resting	-0.025356014264342287	4.539123927869935e-19	-3.472673118951627	5.328388093799465e-4	9.76871150529902e-4	-2.281051436219337
102,REACTOME_METABOLISM_OF_CARBOHYDRATES	-0.004606968453870364	-1.4166173481365127e-18	-2.0122550588738743	0.044406476556833406	0.06105890526564593	-6.261319836860531
103,REACTOME_MRNA_PROCESSING	8.761212045294946e-4	1.5726983666276973e-19	0.3971663707525486	0.6913123416043361	0.7434504232337134	-8.204107897641828
104,SVM Mast cells resting	-4.681385024294217e-6	1.1488738810197274e-18	-0.00141883884164406	0.9988681563602229	0.9988681563602229	-8.282985930322258
105,PID_ECADHERIN_STABILIZATION_PATHWAY	0.005130826457981526	-4.563981035093984e-19	2.168012355382062	0.030345270651155137	0.04248337891161719	-5.936843052838645
106,REACTOME_NCAM_SIGNALING_FOR_NEURITE_OUT_GROWTH	0.012707093222826435	-8.566947967579092e-19	6.8792431981387905	9.472176390047634e-12	4.2903387178451046e-11	14.947288915724869
107,REACTOME_SRP_DEPENDENT_COTRANSLATIONAL_PROTEIN_TARGETING_TO_MEMBRANE	-0.0018561119759925144	5.736804198552188e-19	-0.7007703643187277	0.48357629180391914	0.5427897152901133	-8.03745363403679
108,REACTOME_MRNA_SPLICING	0.00919490663223219	-2.434267317889105e-19	4.5074063369490185	7.175291099881101e-6	1.6541838763198944e-5	1.795652394679406
109,BIOCARTA_KERATINOCYTE_PATHWAY	0.017956924265642674	1.4570263585324786e-18	7.228165506826254	8.481756760433292e-13	4.133514370590908e-12	17.314883298209264
110,REACTOME_PROCESSING_OF_CAPPED_INTRON_CONTAINING_PRE_MRNA	-7.889797955235699e-4	4.031866021492546e-18	-0.3707851744745193	0.7108601464470276	0.7602254343947378	-8.214238171093164
111,BIOCARTA_CARM_ER_PATHWAY	-9.350416997756447e-4	-4.0058849407244527e-19	-0.4602820153325508	0.645393579049155	0.697967775095294	-8.17704807206111
112,REACTOME_P75_NTR_RECEPTOR_MEDIATED_SIGNALLING	-0.011017191599994	-6.444259085024488e-19	-4.681785360412894	3.152920044798023e-6	7.539591411473533e-6	2.583715260726372
113,REACTOME_ACTIVATION_OF_ATR_IN_RESPONSE_TO_REPLICATION_STRESS	0.004089450201069336	-4.5680662466290674e-18	1.8225030230256887	0.06861666009423455	0.09140973749577959	-6.624141851275942
114,REACTOME_METABOLISM_OF_LIPIDS_AND_LIPOPROTEINS	-0.006843804915525182	-2.6110770023175624e-20	-2.18044237300738	0.029410003471524074	0.04132427495086412	-5.909914305384655
115,IRIS_Neutrophil-Resting	-0.05312633614144381	1.5455500825638658e-18	-5.408839071176548	7.589434407819104e-8	2.2304826313056142e-7	6.179179531504708
116,KEGG_HEDGEHOG_SIGNALING_PATHWAY	0.004328348415573054	4.594458010038254e-19	1.8021672539393767	0.07175906838193073	0.0952663494035977	-6.660907034071208
117,REACTOME_PROCESSING_OF_CAPPED_INTRON_CONTAINING_PRE_MRNA	0.02025889035663331	-1.9523420460044e-18	5.163093287281238	2.8221341112950204e-7	7.873345165569441e-7	4.908294527582967
118,PID_FANCONI_PATHWAY	0.028123470880672678	5.475480349561961e-19	11.514267503482714	3.105549543306544e-29	5.434711700786452e-28	54.740737398802665
119,REACTOME_PHASE1_FUNCTIONALIZATION_OF_COMPOUNDS	-0.008348047054063482	8.914839394336551e-19	-4.016912269410582	6.246830882383635e-5	1.3070814618030974e-4	-0.26530672152847146
120,KEGG_PARKINSONS_DISEASE	0.024556134413262737	2.1183875222610517e-18	6.013942460106121	2.3714842227182027e-9	8.37634335547255e-9	9.547859957036497
121,REACTOME_METABOLISM_OF_PROTEINS	0.004654651432992332	8.430233877846819e-19	2.202467012363343	0.02781370906433296	0.039368669080030116	-5.861824306159608
122,REACTOME_DEVELOPMENTAL_BIOLOGY	9.700040749316789e-4	-1.0187955581724834e-18	0.44380186777698366	0.6572623748531492	0.7088123650377098	-8.184497844635125
123,KEGG_INOSITOL_PHOSPHATE_METABOLISM	6.033163657252275e-4	-3.49037015177351e-19	0.2700615781500611	0.7871573000280203	0.8212887818720537	-8.246515156414384
124,REACTOME_DEADENYLATION_DEPENDENT_MRNA_DECAY	0.002021328404278801	1.6563155138418158e-18	0.8249273684335048	0.409569658955259	0.4679059902011119	-7.942768708412293
125,KEGG_GLYCEROPHOSPHOLIPID_METABOLISM	0.013936597973119965	1.740862100717355e-18	5.275380297351224	1.5592230009088858e-7	4.4466730025920073e-7	5.481980016111585
126,KEGG_CYSTEINE_AND_METHIONINE_METABOLISM	0.0057564951126854265	-1.4341686273242763e-18	2.6905221928367995	0.007228761233466363	0.011222068850340926	-4.673326763772932
127,KEGG_NEUROACTIVE_LIGAND_RECEPTOR_INTERACTION	-0.015949815784726953	2.6131088006471804e-18	-4.787643597243329	1.8881695679640046e-6	4.65990566452655e-6	3.0762016551169236
128,KEGG_PURINE_METABOLISM	0.002318416716392174	2.7586633746008762e-18	0.86280730880765	0.3884083356821223	0.4477161953222068	-7.910815776370129
129,REACTOME_ANTIVIRAL_MECHANISM_BY_IFN_STIMULATED_GENES	0.008793597805387967	-2.504602123895242e-18	5.589234406658493	2.7953395895723785e-8	8.74964017874281e-8	7.147974785139461
130,REACTOME_AXON_GUIDANCE	-0.011533765673081606	2.8344883590721514e-18	-4.8541972493707055	1.3607422048409669e-6	3.469442045455445e-6	3.391265044449126
131,REACTOME_OPIOID_SIGNALLING	-0.0063249215431473264	1.0202221399783853e-19	-2.0587893736581573	0.03972051310075415	0.05500862425823866	-6.166894180092045
132,REACTOME_SIGNALING_BY_SCF_KIT	-0.012158564625932428	-1.0231617630935773e-18	-4.605363242179392	4.536366776552003e-6	1.0649397615686105e-5	2.234784948029416
133,REACTOME_IRON_UPTAKE_AND_TRANSPORT	0.003812866120974445	2.5470969698104434e-18	1.7746908776388497	0.07619140900784063	0.10045785091787207	-6.709929878375817
134,REACTOME_DIABETES_PATHWAYS	0.021179768364622095	1.187953576551103e-19	7.223120164927569	8.789542651920055e-13	4.229967401236527e-12	17.279879053641938
LV 135	-0.03382324292744267	3.8859223797736044e-19	-12.718718935357115	6.044131364816303e-35	1.7899927503494436e-33	67.80385592107243
136,REACTOME_RNA_POL_I_PROMOTER_OPENING	0.02073787764680805	3.403910648385511e-19	4.725002025869465	2.560606500285816e-6	6.279194284140377e-6	2.7834896297909832
137,REACTOME_GOLGI_ASSOCIATED_VESICLE_BIOGENESIS	-0.010117188307113173	-4.355613631928907e-19	-4.053050729746234	5.366328342488746e-5	1.1351848416803117e-4	-0.12133363925796381
138,IRIS_CD4Tcell-Th2-restimulated12hour	0.004669944751278717	1.119780258129666e-18	1.9190707192768435	0.05520206193360897	0.0743122231081543	-6.443956841692072
139,REACTOME_TRANSPORT_OF_INORGANIC_CATIONS_ANIONS_AND_AMINO_ACIDS_OLIGOPEPTIDES	0.005702246461787656	-9.251166862515867e-21	1.8711582522907275	0.06155577270001269	0.0825748170366024	-6.534512462937823
140,PID_FGF_PATHWAY	-2.3517248109623627e-4	-2.487569601727806e-18	-0.0968921833479959	0.9228274934092773	0.9349699604278203	-8.278292107213698
141,DMAP_ERY4	-0.02986564319010906	-1.5658248361083515e-18	-14.84117415918483	4.998548229275424e-46	3.8488821365420763e-44	93.19164212475366
142,KEGG_METABOLISM_OF_XENOBIOTICS_BY_CYTOCHROME_P450	0.0032517177814953245	2.9559639613322896e-18	1.202872966966814	0.22925245634528912	0.27842963940989374	-7.559829210005844
143,KEGG_UBIQUITIN_MEDIATED_PROTEOLYSIS	0.005973259283815044	-3.329814853981996e-18	3.1232840956333185	0.0018293908762805667	0.00315836541420636	-3.423585336171568
144,REACTOME_SIGNALING_BY_RHO_GTPASES	-8.442004121103379e-4	-6.123710476213482e-19	-0.36310777537436323	0.7165855506692913	0.7642255872788841	-8.21705554301813
145,REACTOME_SIGNALING_BY_ILS	0.015079950418741656	3.755584678416196e-19	5.726845057472069	1.2793234959078144e-8	4.138987780878223e-8	7.907320527573351
LV 146	-8.53535258923867e-4	3.208512170728634e-18	-0.35660391058091157	0.7214483196457027	0.7651724602302906	-8.219396153764368
147,PID_AURORA_B_PATHWAY	0.09059352331221565	8.165235499962603e-19	9.648677956276039	2.6767530043186903e-21	2.7852700180072856e-20	36.62584618921089
LV 148	-0.031735490758076614	1.673855985591656e-18	-12.063902379409122	8.727518639526499e-32	1.86671926456539e-30	60.57445800602226
149,SIG_CD40PATHWAYMAP	0.003827278809789548	-1.9225135173355403e-18	1.9762796851412074	0.04834188904028097	0.06599867829967437	-6.332849638827112
150,REACTOME_ANTIGEN_PROCESSING_UBIQUITINATION_PROTEASOME_DEGRADATION	0.017615310128088514	-3.4830643237372236e-18	7.950371996538627	4.117173533316806e-15	2.476737203635891e-14	22.55554712078476
151,IRIS_Monocyte-Day1	-0.012599327225104673	1.6215479860419168e-19	-3.0505456416527603	0.0023321895450550785	0.003938127082658795	-3.646466674785083
152,KEGG_ARRHYTHMOGENIC_RIGHT_VENTRICULAR_CARDIOMYOPATHY_ARVC	-0.014925649052530465	-2.3864552125155418e-18	-6.324782914656377	3.51964341897295e-10	1.328492859122143e-9	11.409325444251461
LV 153	-0.011179586447700118	-9.579712975390263e-19	-3.883419984256063	1.0836616465706179e-4	2.2074589096808883e-4	-0.7862277871413248
154,KEGG_CYSTEINE_AND_METHIONINE_METABOLISM	0.01157879070958303	1.4893514053616666e-18	4.956030190341402	8.179160761687221e-7	2.1421611518704625e-6	3.8814438594042944
155,KEGG_OOCYTE_MEIOSIS	-0.010635462047690773	-1.476728317867019e-19	-5.934750092857718	3.8029712496644824e-9	1.2957025939122352e-8	9.087756877917819
156,DMAP_MONO2	-0.052873103228230585	-8.507615133379078e-20	-13.941438271170984	3.5311050340791597e-41	1.9421077687435378e-39	82.07860153514164
157,PID_HES_HEYPATHWAY	-0.002334118474912666	-1.9328886577421e-18	-1.0623885851248163	0.2882637872400593	0.34359615506942054	-7.718809950632261
LV 158	0.01624983491406689	-1.90385987947958e-18	9.708057614752052	1.559325055736765e-21	1.6676115179407073e-20	37.16067902710202
159,REACTOME_GENERIC_TRANSCRIPTION_PATHWAY	0.002524062557144274	7.867382510790947e-19	1.0137388603039996	0.3109028562964174	0.3649317063235387	-7.7692766683547365
160,REACTOME_GPCR_DOWNSTREAM_SIGNALING	0.009668572731103725	2.1920077893959324e-18	4.824112672299502	1.578707295371716e-6	3.9725641092686975e-6	3.248326317112797
161,PID_ARF6_TRAFFICKINGPATHWAY	-0.0033730018937028986	-8.35198802728068e-19	-1.0544394712009209	0.29188479966260045	0.3468384193521641	-7.727217325240899
162,KEGG_GLYCOLYSIS_GLUCONEOGENESIS	0.0356615894762711	-1.796628480402614e-18	7.707237874999459	2.6013217510629455e-14	1.451462136462658e-13	20.740529223547956
163,KEGG_COMPLEMENT_AND_COAGULATION_CASCADES	-0.011504884140092937	-4.89231099920991e-19	-4.872351770498786	1.243554168077724e-6	3.191789031399492e-6	3.4779353893583824
164,KEGG_LEISHMANIA_INFECTION	-0.0018685767315810078	8.6096373473769165e-19	-1.0430630930161768	0.2971200368303247	0.3519729667066923	-7.739139889101383
165,DMAP_MEGA1	0.015942613206182378	-1.968164135124404e-18	8.11019956497772	1.1925630014610407e-15	7.526832058401649e-15	23.77642080735974
LV 166	-0.004978605612060396	-9.333735688251405e-19	-1.639925887055749	0.10127129069003862	0.13172110444481375	-6.939519834945747
167,PID_LKB1_PATHWAY	-0.016047921490137555	-4.9195457427771296e-20	-6.867625027293115	1.0245936341240786e-11	4.586843594625236e-11	14.870319208251974
168,REACTOME_DOWNSTREAM_SIGNALING_EVENTS_OF_B_CELL_RECEPTOR_BCR	-0.006911978915441851	-1.9271823305184922e-19	-2.963101888802743	0.0031029801166298134	0.005066810055781074	-3.9075561580417597
169,REACTOME_TRANSMEMBRANE_TRANSPORT_OF_SMALL_MOLECULES	0.007420488429394563	-1.6561750171488103e-18	2.5286342527405687	0.011572529465740647	0.017472250369843723	-5.093573046978395
170,KEGG_TOLL_LIKE_RECEPTOR_SIGNALING_PATHWAY	-0.0380279837953679	-1.3323409472090608e-18	-13.346073001199489	4.3250711125108117e-38	1.8501693092407362e-36	75.0050296541562
171,REACTOME_LATE_PHASE_OF_HIV_LIFE_CYCLE	-0.010422491207438883	6.543255216403746e-19	-1.6010666742427038	0.10961392848030387	0.14209212951150502	-7.002370106250677
172,REACTOME_DEADENYLATION_DEPENDENT_MRNA_DECAY	0.001450453839818303	2.174802348221721e-18	0.7975046366743003	0.42530893621070187	0.48302047327764075	-7.965006581386124
LV 173	-0.013811181290746086	-8.599262206970356e-19	-7.521611477204507	1.0273166741577511e-13	5.344823237172084e-13	19.38934946915332
174,REACTOME_TRANSMEMBRANE_TRANSPORT_OF_SMALL_MOLECULES	-0.009890237349510212	2.1864743811791007e-18	-3.63496990961899	2.892626956924113e-4	5.513175140672196e-4	-1.7099358002385259
175,SVM T cells CD8	0.020212139948901572	-3.5941215558391085e-19	3.8339872863233526	1.323384900253727e-4	2.631193613766304e-4	-0.974767079250185
176,KEGG_UBIQUITIN_MEDIATED_PROTEOLYSIS	0.0050099140788925755	3.516308002789909e-18	1.1217215368999685	0.2621955218654702	0.31516080757196013	-7.654065694718827
177,PID_CDC42_PATHWAY	-0.0018005899383157398	-1.3418947223334347e-18	-0.7354770381839718	0.4621865008823055	0.5202976691218937	-8.012535958132947
LV 178	-0.014016497986849607	-9.539941603831783e-19	-6.552929510048141	8.216798410023388e-11	3.438551508542396e-10	12.831531639090624
179,REACTOME_AMINO_ACID_AND_OLIGOPEPTIDE_SLC_TRANSPORTERS	0.012783140588067295	1.5910277813459531e-18	5.301974501722396	1.3525557642809167e-7	3.8860743973742753e-7	5.619582119269673
180,REACTOME_PROTEIN_FOLDING	-0.020173668390584112	-2.6835624884704758e-18	-7.705197348073992	2.641318577419826e-14	1.4527252175809045e-13	20.72551312318396
LV 181	0.0017824808437931642	9.624671917152022e-19	0.3399310716761987	0.7339653435140416	0.7741826226107015	-8.225203188782078
LV 182	-0.0192381909663152	1.6219802835588568e-19	-7.663949821843212	3.59288677943767e-14	1.8948786439500042e-13	20.422751160404886
183,IRIS_DendriticCell-LPSstimulated	7.32721091733795e-4	-5.57231499335652e-20	0.2670432563900524	0.7894797486415406	0.8214856843972788	-8.247325825495505
184,REACTOME_TRNA_AMINOACYLATION	-0.012802017172030857	1.5548228643022288e-18	-5.517567249567617	4.17147626707295e-8	1.2848146902584687e-7	6.759468259412673
185,PID_DELTANP63PATHWAY	-0.0068400737802879535	1.5733900426548014e-18	-3.088529171280536	0.0020556787908445526	0.0035174948198895676	-3.5307248437180396
186,SVM T cells CD4 memory activated	0.03291977491712829	2.870455512481559e-19	8.397091912022375	1.222329369412579e-16	8.879185041959302e-16	26.02263791516139
187,KEGG_PHOSPHATIDYLINOSITOL_SIGNALING_SYSTEM	-0.026735113937489237	-7.542727075569011e-19	-8.642095102064784	1.654931155166612e-17	1.2493107739983248e-16	27.996041932456627
188,KEGG_PATHWAYS_IN_CANCER	0.004484603660319149	5.111053542781546e-19	2.1864160708993463	0.0289694304697016	0.04085432502137406	-5.896918356427036
189,REACTOME_TRANSMEMBRANE_TRANSPORT_OF_SMALL_MOLECULES	0.007007487015034293	-2.2765651837093953e-18	3.7409754033869906	1.9158497330549402e-4	3.74417333617336e-4	-1.3231212612882404
190,MIPS_SPLICEOSOME	0.005168535349784832	-1.7914841399510284e-18	2.372187606319648	0.017833275381565997	0.02600685993145041	-5.4751674274488895
191,KEGG_PHOSPHATIDYLINOSITOL_SIGNALING_SYSTEM	-0.005453549751382812	4.0895345102523415e-19	-2.3428603988317622	0.019292135340699967	0.027922827466802583	-5.544013575643179
192,REACTOME_POST_TRANSLATIONAL_PROTEIN_MODIFICATION	0.008103587198013303	-1.4854066905195892e-18	4.687840116151287	3.0626434613731927e-6	7.3694858289292444e-6	2.6115973673569854
193,DMAP_ERY3	0.014747028344651395	1.2102168986735126e-19	7.467116882694031	1.5289364832281505e-13	7.74527034266892e-13	18.998393336614136
194,REACTOME_INTEGRATION_OF_ENERGY_METABOLISM	0.0050389750161447654	4.049763138693862e-19	2.2172329803009134	0.026785880167439973	0.03805374119728557	-5.829314807826921
195,DMAP_MONO2	-0.0069413273648403105	-8.122654194544013e-19	-3.073533385769772	0.002161033673629052	0.0036814069218901995	-3.576587924434346
196,KEGG_ABC_TRANSPORTERS	-0.005556609224982096	1.455545739536959e-18	-2.9943471104445356	0.00280422043865864	0.004633583128255693	-3.815123597792141
197,REACTOME_NONSENSE_MEDIATED_DECAY_ENHANCED_BY_THE_EXON_JUNCTION_COMPLEX	-0.00807693120436249	-1.6131614142132809e-18	-3.50107346840214	4.796504212012967e-4	8.964340396237827e-4	-2.182957489646636
LV 198	-0.001199877023059401	-2.6940565106941942e-18	-0.5492192131018769	0.5829527675923218	0.6357983442579148	-8.132158511199355
199,KEGG_AUTOIMMUNE_THYROID_DISEASE	-0.01926102560136237	3.313128169828112e-19	-5.265927526879196	1.6398006774416177e-7	4.642082800110462e-7	5.433229507248921
LV 200	4.5006450337601537e-4	-9.964890062983797e-19	0.23027886776858136	0.817912625883132	0.8442261688069861	-8.256468801686756
LV 201	-0.010831045308680416	-2.3856338472333557e-19	-4.326187737692527	1.6375512140020867e-5	3.6442613722011756e-5	1.0073814750841663
LV 202	-1.6339863257281567e-4	1.0048323483753216e-18	-0.06958163974318816	0.9445377405885783	0.9544541473139178	-8.280565726948543
203,REACTOME_NEUROTRANSMITTER_RECEPTOR_BINDING_AND_DOWNSTREAM_TRANSMISSION_IN_THE_POSTSYNAPTIC_CELL	-0.02423115234829081	7.983454394089335e-19	-7.88838903873673	6.618598173992162e-15	3.920246610749204e-14	22.087988094921545
LV 204	-0.01166706008307954	1.111004618535784e-20	-5.48042827127198	5.123811513811895e-8	1.5411464318887342e-7	6.560017235584704
LV 205	-0.014457288968762671	-2.1208516181076096e-19	-6.883990977723913	9.17274363081999e-12	4.2041741641258284e-11	14.978777402390094
LV 206	0.00792128374586549	-1.0722275312662667e-18	3.8185819299403674	1.407783874104365e-4	2.779470725795798e-4	-1.0330418593002282
207,REACTOME_GLOBAL_GENOMIC_NER_GG_NER	0.015004684399449733	-1.0544601033200328e-18	6.007794444459234	2.460539273297229e-9	8.542593114877848e-9	9.511934136301129
208,KEGG_BASAL_TRANSCRIPTION_FACTORS	-0.02927534337315204	1.5786208426097753e-18	-9.63461312836299	3.040995865305671e-21	3.081008968796535e-20	36.499578322626704
209,PID_CERAMIDE_PATHWAY	-0.004415622231825766	4.2144684926479994e-19	-2.0754341707156327	0.03814969068022486	0.053023938310059825	-6.132598554813248
210,PID_HES_HEYPATHWAY	-0.007371169456402992	1.252711744588714e-18	-3.367455503342911	7.816466524721027e-4	0.0013932127833414794	-2.6376360204425504
211,IRIS_PlasmaCell-FromBoneMarrow	-0.010634837889172844	-1.4241393249312686e-18	-6.361071391851138	2.801200256501844e-10	1.0677842561912969e-9	11.632381365925209
212,REACTOME_RNA_POL_III_TRANSCRIPTION	-0.0022370721451598847	-2.932101138397202e-18	-1.0843373362957187	0.27842360690848605	0.332897790868842	-7.695268596295628
213,PID_MYC_ACTIVPATHWAY	0.0027557123662544005	-1.2488210669362541e-18	1.3132750805663085	0.18933042837435238	0.23438011229622402	-7.421087009763989
LV 214	0.011027811244630054	-7.440704861571173e-19	4.654681771316831	3.589316289108743e-6	8.530165254980655e-6	2.4593300227589765
LV 215	0.008979299720322754	6.248428309850671e-19	3.2727763865285837	0.0010939756779621858	0.0019144574364338251	-2.9492943503545135
216,KEGG_PATHOGENIC_ESCHERICHIA_COLI_INFECTION	-0.010206463849299928	-1.460473931230075e-18	-1.5629271668122788	0.11832194469809325	0.15184649569588635	-7.062596722259704
LV 217	0.0034633565759592515	1.1905041319010488e-18	1.2521160686157091	0.21076096896503566	0.26007363157544466	-7.499445874921262
218,IRIS_Monocyte-Day7	-0.00984783387447854	-1.0868824170905325e-18	-4.279841494818664	2.012566298263501e-5	4.453092096732459e-5	0.8108220901300349
219,REACTOME_SLC_MEDIATED_TRANSMEMBRANE_TRANSPORT	-0.00776846954039483	-1.2079041069578837e-18	-3.4019497535620307	6.901398246711678e-4	0.0012416066939177552	-2.521920797419779
220,REACTOME_RIG_I_MDA5_MEDIATED_INDUCTION_OF_IFN_ALPHA_BETA_PATHWAYS	0.007958673614150053	-8.495943100421698e-19	3.4477426263720607	5.840140205998705e-4	0.0010656179996727496	-2.366514603584357
221,DMAP_ERY4	0.01181871363839187	-1.4763608649776198e-18	6.162379693597193	9.63895973723957e-10	3.5009429234313535e-9	10.425763774696549
222,REACTOME_METABOLISM_OF_LIPIDS_AND_LIPOPROTEINS	0.001028517186104571	1.1332247109064998e-18	0.47491314774461657	0.6349315476987907	0.6905328979210011	-8.170206617694262
223,PID_P75NTRPATHWAY	-0.036776571959670816	-9.406793968614265e-20	-12.936820234235888	5.0205508965514476e-36	1.7571928137930066e-34	70.27737662103391
224,DMAP_HSC1	0.006412484666097779	-1.1582331222614784e-18	2.950896633994477	0.00322737357176456	0.005242779852866479	-3.943403217265131
225,KEGG_CYSTEINE_AND_METHIONINE_METABOLISM	-0.022749306362022492	2.3369139170742186e-18	-10.266783241501956	8.434332116532028e-24	1.0824059549549435e-22	42.33023215514237
LV 226	0.01490701365291672	-3.283904857682969e-18	5.414531112932599	7.357280056538517e-8	2.1788867859748687e-7	6.209285031686825
227,REACTOME_INTERACTIONS_OF_VPR_WITH_HOST_CELLULAR_PROTEINS	0.005048356447002997	1.1969021351517607e-18	2.6462541537603217	0.008240687323890104	0.012589938967054324	-4.790803939395241
228,DMAP_NKA3	-0.012278284171945767	6.128249600141352e-19	-2.444186801388897	0.01465484730265476	0.021784232476919234	-5.302549036800507
229,PID_ATF2_PATHWAY	0.006436093813678098	7.216558599037786e-19	2.408677318457728	0.016153884855257296	0.023828527468482984	-5.388322230905709
230,REACTOME_CELL_CYCLE	-0.002411335381828219	9.338058663420806e-19	-1.2465182588936468	0.21280689839460526	0.26175928396780523	-7.506431808939966
231,REACTOME_CELL_CYCLE	-0.002654631120559009	-1.0712818804479603e-18	-1.3803871751123478	0.16771338303201525	0.21000043424683984	-7.330813648830706
232,REACTOME_LOSS_OF_NLP_FROM_MITOTIC_CENTROSOMES	-0.008190344274048088	2.8205251492749896e-18	-3.908862162164815	9.76887527173055e-5	2.01123902653276e-4	-0.6882707000503219
233,DMAP_ERY5	-0.002223058763389349	1.5432589057240838e-18	-1.1244373077984515	0.26104266169675966	0.3150514882547099	-7.651018214652762
LV 234	-0.01789430893375987	-2.082074530838092e-18	-8.966069493565081	1.0901467810009047e-18	9.538784333757916e-18	30.682659576944452
235,IRIS_PlasmaCell-FromBoneMarrow	-0.0262757329151906	1.185965007973179e-18	-11.302743133276941	2.810753562112447e-28	4.7049570496230095e-27	52.55418438018519
236,REACTOME_MEIOSIS	0.00754047380815262	1.3456989404825066e-18	3.6908880651923464	2.3305697221428424e-4	4.508891170979871e-4	-1.5072460256889286
237,SVM Macrophages M0	-0.0728116570763723	-1.0681207048553366e-18	-10.325843417544844	4.789417945828749e-24	6.358365203945064e-23	42.89101385776149
238,PID_FAK_PATHWAY	-0.05239291297960913	1.5744275566954575e-18	-4.085947512698511	4.668337206442666e-5	9.985054580446812e-5	0.010816875275949656
LV 239	-0.005340990712736239	-2.2445319377041416e-18	-2.425078827712709	0.015445492482793975	0.022871210022598773	-5.348858904082412
240,SVM Dendritic cells activated	-0.025906493665442672	5.241175095380484e-19	-12.42858783350654	1.574285187957714e-33	3.7881237335232497e-32	64.5638862384364
241,KEGG_CHRONIC_MYELOID_LEUKEMIA	0.002479414481324846	-6.065890683322758e-19	1.0377216107872316	0.29959966009151406	0.35382168446390466	-7.744693278455874
LV 242	-5.163035670744283e-4	1.0281547994142342e-18	-0.19288509032596685	0.8470801840909251	0.8719943071524229	-8.264381714448236
LV 243	0.007786162223443435	3.5322165514133015e-18	3.2168181745846196	0.0013293154836830031	0.0023157758426151863	-3.1293857672390315
244,IRIS_Monocyte-Day7	0.011085547637367207	2.6674485985265376e-18	5.757074191908515	1.0750330416624006e-8	3.5075230596612224e-8	8.076475897123625
LV 245	-0.020873580340543457	-1.66741475258925e-18	-8.94773694660902	1.274457859802497e-18	1.0903695022754697e-17	30.528306615201103
LV 246	0.012033735540897681	-2.241894922850808e-18	5.840755545598258	6.613032677492481e-9	2.1760834024227394e-8	8.549140474420316
LV 247	-0.004511737990628075	3.218455013618254e-19	-2.2406123876645037	0.025225645340969466	0.0362279287823324	-5.777400769541561
248,REACTOME_EXTRACELLULAR_MATRIX_ORGANIZATION	-0.014171640367037623	1.119131811854256e-18	-4.450706979063878	9.318841290616293e-6	2.1355677957662335e-5	1.5456503398133599
LV 249	-0.009320706290273106	-3.0497076778807272e-18	-4.373134477809051	1.3262022000801908e-5	2.9858938422858096e-5	1.2085821914427122
250,DMAP_HSC1	-0.00379685691290722	1.0672561098214568e-18	-1.4905578420165724	0.1363290078431636	0.17265351322242758	-7.172899672719527
LV 251	-0.0244929316708947	1.394937627661972e-18	-8.6685908022006	1.3291525010405561e-17	1.0234474258012283e-16	28.212476552320574
LV 252	-0.0018745527464739424	8.276768259333121e-19	-0.8151088705025916	0.41516471565071833	0.47289472048972353	-7.950817109434107
253,KEGG_HEMATOPOIETIC_CELL_LINEAGE	-0.013601854189660263	2.976800701648797e-19	-5.884399797451363	5.119886903075277e-9	1.714049093638245e-8	8.798223025639832
LV 254	0.012805537100262353	-3.0920079899133054e-19	5.429393940191146	6.78308549896488e-8	2.024409238063162e-7	6.2880377384452295
255,KEGG_BASAL_CELL_CARCINOMA	-0.01839896178102457	1.10858375244092e-18	-6.78468251987309	1.788611711331172e-11	7.868388445458596e-11	14.324338507473197
256,KEGG_ARGININE_AND_PROLINE_METABOLISM	-0.0131299147561806	7.424277555927454e-19	-5.333817473557029	1.1398524387649893e-7	3.299572849056548e-7	5.785212269067326
LV 257	-0.01875647014054865	1.4861091739846167e-18	-8.187760870200139	6.4860132692317e-16	4.305370876990008e-15	24.376772345837118
LV 258	-0.01832238115438454	-6.588214158165506e-19	-6.007632443327675	2.4629294435102368e-9	8.542593114877848e-9	9.510987954610457
LV 259	0.0013993108874417125	-1.6551807328598483e-18	0.5823692501628495	0.5604226412316389	0.6129622638471051	-8.113404008646183
260,BIOCARTA_CHREBP2_PATHWAY	-7.843278459665013e-4	-1.244930389283794e-18	-0.3265826148321472	0.7440380725267106	0.7826629997890262	-8.22965201707204
LV 261	-0.021863656564056363	-2.1452764278147193e-19	-12.73976556068067	4.7606384793646875e-35	1.527371512129504e-33	68.04113864109499
LV 262	0.0019376903713621573	1.0838131047202584e-18	0.6649718067531707	0.5061907520957842	0.5633677436219493	-8.061894502011889
LV 263	0.008800369804730942	-1.3808447286097281e-18	3.4142788486395586	6.599264437301241e-4	0.001192824792657736	-2.480280471444619
264,REACTOME_TRANSMEMBRANE_TRANSPORT_OF_SMALL_MOLECULES	0.0038317096062489907	-1.3051926631452292e-18	1.7201441579224535	0.08565286758175332	0.11178425091177976	-6.8050303284031255
LV 265	-0.018830082478821043	-2.6983146412360533e-18	-8.895174030455799	1.9914868607193568e-18	1.5973384195353176e-17	30.087289276947182
266,IRIS_Monocyte-Day1	-0.008136825295700215	-7.65728591755811e-19	-2.917159608253136	0.0035952469551510085	0.0057915066013938836	-4.041730265862977
267,KEGG_VASOPRESSIN_REGULATED_WATER_REABSORPTION	-0.013095967028595851	-1.1320142778590678e-18	-6.470507714679091	1.3971883152784637e-10	5.784059154647403e-10	12.312295562482383
268,SVM Mast cells activated	-0.03718984693860902	-5.7080564136756785e-19	-10.09911924982322	4.143694288990796e-23	5.14620097181115e-22	40.75308841067958
269,REACTOME_ANTIVIRAL_MECHANISM_BY_IFN_STIMULATED_GENES	-0.021410009546041168	-3.616984690766272e-18	-9.232503512755471	1.0918444831690467e-19	1.025268600048983e-18	32.957179422832354
270,KEGG_CELL_CYCLE	-0.01523711647884183	3.617465621753868e-19	-6.14227538311037	1.0901468621615074e-9	3.922491046095144e-9	10.305680055230692
271,REACTOME_INTERFERON_ALPHA_BETA_SIGNALING	0.005156665521296443	-6.862290783905461e-19	1.0085435546554935	0.31338807940365293	0.3667307312170407	-7.7745264696823515
272,KEGG_LYSOSOME	-0.0056530107208474095	-3.2553732215649293e-18	-2.0818853518460405	0.0375552545421796	0.052386858691083865	-6.119232525860918
273,PID_RHOA_PATHWAY	-0.010054898187557533	1.779001549149386e-18	-5.93575506332341	3.78038028250097e-9	1.2957025939122352e-8	9.093559593620963
LV 274	0.018745860692735105	-1.1268915522833289e-18	5.59888769886595	2.6476672059042783e-8	8.355343231747107e-8	7.200669731070429
275,REACTOME_METABOLISM_OF_PROTEINS	-0.0407414191756338	-2.574115564619193e-19	-18.198958283010818	7.384578071792736e-66	7.107656394100509e-64	138.6884003451288
LV 276	-7.998184320978947e-4	-1.4593499576860311e-18	-0.347344831499404	0.728390539063244	0.7704130701630466	-8.22265534546764
277,PID_IL4_2PATHWAY	0.010285563235774346	-6.158942723844091e-19	4.6929471145537125	2.988432939584748e-6	7.2361426524536355e-6	2.635142108491289
278,REACTOME_SLC_MEDIATED_TRANSMEMBRANE_TRANSPORT	0.02253745235057246	9.125800582603268e-19	4.693265423165913	2.9838651901244097e-6	7.2361426524536355e-6	2.6366104227685074
LV 279	-0.026245040969087738	8.133245483709043e-19	-11.8041331767904	1.4398693605784535e-30	2.917630020119498e-29	57.790193767893804
LV 280	0.01109421893871341	7.030562592374354e-19	5.071620028361678	4.537489687098413e-7	1.2047817445054408e-6	4.449693799794309
281,REACTOME_METABOLISM_OF_AMINO_ACIDS_AND_DERIVATIVES	0.0023493636922292302	-1.0045297401134636e-18	1.216564055369991	0.22399896848447798	0.27377651703658423	-7.543283339543684
282,KEGG_RNA_DEGRADATION	0.0028465187248934197	-4.854701115236131e-19	1.001434287183732	0.3168100206717821	0.3696116907837458	-7.781666669656514
283,IRIS_Monocyte-Day0	-0.0025075592076470535	3.046919358896464e-18	-1.2228072775089966	0.22163217019144815	0.2717464507124444	-7.535676300221544
284,KEGG_ECM_RECEPTOR_INTERACTION	0.040934191612609715	-1.3377878959225049e-18	10.845234230678683	2.945832796098959e-26	4.536582505992397e-25	47.938564900446366
285,KEGG_SNARE_INTERACTIONS_IN_VESICULAR_TRANSPORT	-0.0061567572019669	1.1322304266175378e-18	-2.8676510521960794	0.0042044874084200745	0.00671671224996568	-4.184003985652348
LV 286	0.006493766608631421	7.898507932010627e-19	3.0059560933399054	0.002700091753561563	0.004480755711729318	-3.7805372731666997
287,PID_RET_PATHWAY	0.001157397180047019	-1.4682336716591479e-18	0.3933307128244149	0.6941420727798457	0.7444142006134836	-8.20562400523308
288,KEGG_PURINE_METABOLISM	0.007231657683689743	-2.2588409855148554e-18	3.032273605275154	0.002477004842993537	0.004146290715445704	-3.701641779459634
289,MIPS_SPLICEOSOME	-0.007089756002390499	-7.628321983923131e-19	-3.36219806889257	7.96545611176812e-4	0.0014132260843459567	-2.655171029771469
290,REACTOME_TRNA_AMINOACYLATION	0.04829673064591502	1.2277249481095824e-19	3.4453571230365023	5.891437663199701e-4	0.0010699073114773044	-2.3746605763457422
LV 291	-0.0069299377055979695	-3.156636468695835e-19	-3.636048493786441	2.880675345493896e-4	5.513175140672196e-4	-1.7060548448246573
292,SVM T cells CD8	-0.04454643251670949	1.883087983790613e-19	-5.533890443513599	3.8095054823216606e-8	1.182790008624064e-7	6.847536211971786
LV 293	-0.0017418424649893894	-2.1026951223961299e-19	-0.6948633567195307	0.48726961628991294	0.5453453554407456	-8.0415747451432
294,REACTOME_METABOLISM_OF_PROTEINS	0.011269954079208812	2.134631101460072e-18	5.073522714686024	4.493237627036344e-7	1.2013170044506892e-6	4.459152813212972
295,PID_NFAT_TFPATHWAY	-0.045977122505129184	1.5199580695610183e-19	-6.390527530067289	2.325336323600935e-10	8.952544845863601e-10	11.81432022605216
296,REACTOME_ACTIVATED_TLR4_SIGNALLING	0.0020827623030872135	-1.4090737564659098e-18	1.0145301781705174	0.3105254676251784	0.3649317063235387	-7.768474686769028
297,PID_MAPKTRKPATHWAY	-0.008125124234739293	4.117417700094971e-19	-4.031086390439433	5.8862966368111014e-5	1.2383738826077999e-4	-0.20898777709299665
LV 298	-0.01469946076402516	6.736924503992863e-19	-6.1981762682807995	7.735081585283622e-10	2.8634677022444176e-9	10.64049193867941
299,KEGG_MELANOGENESIS	0.007091292814135476	1.605012606018962e-18	3.025086041771116	0.002536193385984244	0.004226988976640407	-3.723256168044072
LV 300	-0.006415664957505717	-1.889399527537937e-18	-3.210792401989877	0.001357270483878635	0.002353824938257993	-3.1485964565228715
LV 301	-0.01059409898534967	-1.7043329605359255e-20	-3.870708119946336	1.1410523429989534e-4	2.3121323792347213e-4	-0.8349368672552533
LV 302	0.025044804273423468	1.5073349820663704e-18	11.777691369530517	1.9102002557751947e-30	3.67713549236725e-29	57.50949744296184
303,MIPS_NOP56P_ASSOCIATED_PRE_RRNA_COMPLEX	1.3555072289717172e-4	3.3866187477079113e-19	0.06150295446942707	0.9509684585469947	0.9584367972266832	-8.281095310937518
304,IRIS_DendriticCell-Control	0.0173732679340346	-1.6373268454102264e-18	7.969662323326229	3.5493430031621127e-15	2.1690429463768466e-14	22.701735868482736
305,REACTOME_SIGNALING_BY_RHO_GTPASES	-0.01727096128306544	2.773447949680224e-18	-7.460913413501694	1.5994736750439483e-13	7.997368375219742e-13	18.954053127526773
LV 306	0.00218442379451812	-1.182722776596129e-18	0.9276533786660698	0.3537658431951304	0.410240510934112	-7.852790857724048
307,REACTOME_NEUROTRANSMITTER_RECEPTOR_BINDING_AND_DOWNSTREAM_TRANSMISSION_IN_THE_POSTSYNAPTIC_CELL	-0.008438159254316553	5.948413833094314e-19	-4.529331623039925	6.480361804962995e-6	1.5120844211580322e-5	1.8931481000143986
LV 308	-0.004666853829535328	-8.885443163184633e-19	-2.0195131685627006	0.043646214410989495	0.060228647126275826	-6.246733118856746
LV 309	0.0012757552302583809	4.593809563762844e-19	0.6480560092751836	0.5170673176509539	0.5736914043101362	-8.07299803256947
310,REACTOME_DNA_REPLICATION	0.05484730623334204	-2.720707652613545e-18	8.181171990239514	6.831763131817755e-16	4.4580149249997215e-15	24.325572456350187
311,REACTOME_METABOLISM_OF_PROTEINS	0.0055319706702367435	1.052298615735333e-18	2.3820405085707876	0.017365349057697734	0.02542075812628756	-5.451847076359316
312,KEGG_PEROXISOME	0.030705461236243688	-8.409051299516759e-19	5.176196835253407	2.634900070893858e-7	7.404646184628725e-7	4.974632580196532
LV 313	-0.01613684021215408	-2.5183924146856278e-18	-5.860451675558766	5.8929956682755776e-9	1.955864941625946e-8	8.661331117128565
LV 314	0.017956480643126896	1.3145735192628271e-18	7.506413467029276	1.148089695396049e-13	5.893527103033052e-13	19.28005431693686
315,REACTOME_POST_TRANSLATIONAL_PROTEIN_MODIFICATION	0.01750268971876228	-1.5597294411194976e-19	5.336991697160612	1.1205201063492928e-7	3.2681836435187703e-07	5.801774839313136
316,KEGG_MAPK_SIGNALING_PATHWAY	-0.013098971946418935	-1.2839236253117817e-18	-4.924703613355619	9.575275637752292e-7	2.4908656219828596e-6	3.729608774757395
LV 317	-0.025177718408127825	2.459556722630095e-18	-8.208383974959487	5.511615600008578e-16	3.722757905268952e-15	24.537266614082576
LV 318	0.009998318828234131	-7.754985156386549e-19	5.085385182168766	4.2265999417539604e-7	1.1459443504051232e-6	4.518202664938949
LV 319	0.018954248643572986	-3.411259706173491e-19	6.727518547382803	2.6167022295441193e-11	1.1319442228926809e-10	13.95163731405167
320,REACTOME_METABOLISM_OF_MRNA	-0.01045368246023313	2.502440636310542e-18	-3.996506145621742	6.802812236322096e-5	1.4157203843156795e-4	-0.3460481229858807
321,KEGG_VASCULAR_SMOOTH_MUSCLE_CONTRACTION	-0.0241492571427397	7.475288662926372e-19	-9.781450839424759	7.96548788932863e-22	9.293069204216735e-21	37.82562981759476
LV 322	0.009876787685436882	-3.135216126731458e-18	4.201960817266514	2.8334698566732858e-5	6.198215311472812e-5	0.48515402096660765
323,KEGG_LYSOSOME	-0.0067468854761569275	3.27532375197171e-18	-3.847706550368742	1.2522632827092068e-4	2.5241956222148935e-4	-0.9226774568184837
324,REACTOME_PI_METABOLISM	0.006854632320712716	-4.341563962628358e-19	3.839753925719378	1.2930380682239537e-4	2.5928107097199075e-4	-0.9528943080195909
325,REACTOME_NEURONAL_SYSTEM	2.671497957592306e-4	3.633460629880648e-19	0.12316146087978795	0.9019989716178329	0.9235893725342174	-8.275401317920643
326,KEGG_ENDOCYTOSIS	0.019034760816551914	-9.74982204830615e-19	9.542392072928642	6.992417921584456e-21	6.902771537974399e-20	35.67559719836808
LV 327	0.034443377138930746	6.31154374732391e-19	13.668015978581556	9.513585182482084e-40	4.578412869069503e-38	78.80165267308246
LV 328	0.01613530740424767	-4.993900915690809e-19	8.926435398795961	1.5275784174046429e-18	1.2513142355335906e-17	30.34930503906395
329,REACTOME_TOLL_RECEPTOR_CASCADES	-0.007080090193758647	-9.17681168960219e-19	-3.0614174487394092	0.0022497509556018247	0.003815656907077985	-3.613482681851692
330,MIPS_40S_RIBOSOMAL_SUBUNIT_CYTOPLASMIC	-0.0016528021898988697	9.730044436906145e-19	-0.7748855143662039	0.4385533435040757	0.49659716837961515	-7.982783887391509
331,DMAP_ERY3	0.014922015124988506	1.0964361922149062e-18	4.883467286399518	1.176667408567947e-6	3.040382230192346e-6	3.5311550199054746
332,REACTOME_DOWNSTREAM_SIGNALING_EVENTS_OF_B_CELL_RECEPTOR_BCR	-0.015947626281775013	-2.1851774886282807e-18	-9.768020707369507	9.01015839071111e-22	1.0202679354187582e-20	37.703629797300195
333,KEGG_SYSTEMIC_LUPUS_ERYTHEMATOSUS	-0.029093426357603445	7.496038943739492e-20	-11.569060791261137	1.74589997872479e-29	3.2008166276621144e-28	55.31249423155884
334,REACTOME_AXON_GUIDANCE	-0.013566316542574917	2.3919021612289858e-19	-5.066703810742776	4.6537870177097394e-7	1.2271972615193491e-6	4.42526908634065
335,KEGG_ADHERENS_JUNCTION	0.014223443751399013	4.954129544132329e-19	6.3067340864412085	3.9411815228041614e-10	1.473160083766604e-9	11.298829751000486
LV 336	-0.010137503903446332	-1.2767474865305777e-18	-3.8131144124757896	1.4389396614461288e-4	2.826488620697753e-4	-1.0536690563169602
337,REACTOME_GPCR_DOWNSTREAM_SIGNALING	0.034554335732307956	-1.3713341832370484e-18	9.023241534550545	6.685810459461332e-19	5.986132620680495e-18	31.165809238275962
338,KEGG_SPLICEOSOME	0.003546828339417628	-3.2794089635067927e-19	0.8397171541883526	0.4012269936085655	0.4597392635098146	-7.930463543189428
339,REACTOME_METABOLISM_OF_LIPIDS_AND_LIPOPROTEINS	-0.02396634144503159	-6.052165237159913e-21	-6.413166561724969	2.014252617705373e-10	7.913135283842536e-10	11.954687709898284
340,REACTOME_PLATELET_ACTIVATION_SIGNALING_AND_AGGREGATION	-0.030517837946905137	-8.645950338799875e-22	-11.018572066961028	5.148305289865318e-27	8.258739735825614e-26	49.668842737173364
LV 341	0.0034421629345022407	-1.9070372662290885e-18	1.757718681015202	0.07903926346981122	0.10385705268217515	-6.739836942270268
LV 342	0.0034299085813425	-1.6535812320471703e-18	1.9190604264104874	0.05520336573748605	0.0743122231081543	-6.443976539877475
343,KEGG_REGULATION_OF_ACTIN_CYTOSKELETON	0.005094041162304625	-9.213989276059028e-19	2.3216678401912603	0.020410346510034764	0.029430649462035146	-5.593235074110728
344,REACTOME_TRANSPORT_OF_MATURE_TRANSCRIPT_TO_CYTOPLASM	0.0051801521832504326	9.227606647842638e-19	2.7350472747756616	0.00632500142580872	0.009939287954842274	-4.553224283316037
LV 345	0.005443139264092893	3.1393877977699288e-18	2.6827348319413757	0.00739824722658432	0.01143905695676692	-4.694132287081464
LV 346	-0.026925504736655125	4.86550855315963e-19	-13.28819942625166	8.528700161911887e-38	3.283549562336076e-36	74.32972592112779
LV 347	0.0036616314172569636	1.1240167737956778e-18	1.3755854477234102	0.16919557845314623	0.2108100249335317	-7.337421482445286
348,KEGG_EPITHELIAL_CELL_SIGNALING_IN_HELICOBACTER_PYLORI_INFECTION	-0.003648756078545614	1.0302082126196992e-18	-1.5326738346188413	0.1256083773227684	0.15960140352893012	-7.109341489081075
LV 349	-0.004174333968733962	8.736300519840334e-19	-1.7836789932429287	0.07471752098580937	0.0988530775929093	-6.693975917361026
350,REACTOME_METABOLISM_OF_AMINO_ACIDS_AND_DERIVATIVES	0.0012472146620815206	-7.071955079621358e-19	0.6063464526960805	0.5443944228744737	0.5971277857739954	-8.099154558694815
351,REACTOME_METABOLISM_OF_MRNA	-0.0669920032755055	-2.040914403506443e-18	-12.703259076299586	7.201137113237255e-35	1.980312706140245e-33	67.62975203079546
352,DMAP_DENDA1	-0.006738808610894065	-2.5388833169885835e-19	-2.627186763004098	0.008714361611340456	0.013260985060735477	-4.84081056743311
LV 353	0.010391613767717509	-2.577357795996243e-19	4.338100047800798	1.5525258274892068e-5	3.475130485949678e-5	1.0582348289739283
LV 354	0.003969036565862053	-9.881888939731318e-19	1.3875422891423443	0.16552288921890462	0.20825592271005974	-7.3209246445663165
355,KEGG_HEDGEHOG_SIGNALING_PATHWAY	0.007451248530238669	-4.109420196031581e-19	2.776666997584429	0.005573655026445298	0.008830688004861892	-4.439197543565731
356,REACTOME_DEVELOPMENTAL_BIOLOGY	-0.013120718412069247	-1.0208273565021013e-18	-3.4859556251023593	5.073128718877599e-4	9.435529259748191e-4	-2.235271606359774
LV 357	-0.012931463574671873	1.5835490343028912e-18	-5.661654656370476	1.8565736857835047e-8	5.907279909311151e-8	7.545407634120377
358,ST_ERK1_ERK2_MAPK_PATHWAY	0.00766196794938683	2.527340973286286e-18	3.482308359869204	5.142059955640133e-4	9.472215707758139e-4	-2.247859438052065
LV 359	0.007562317129586597	-1.2297999761908944e-18	3.696613914943156	2.2792085688516715e-4	4.4317944394338057e-4	-1.4863202958212787
360,IRIS_DendriticCell-LPSstimulated	-0.009567332515025355	-1.5266154513218941e-18	-4.621442947161155	4.203946349233978e-6	9.929566530399273e-6	2.3077411642320467
LV 361	0.005535533541444936	-1.7045707241702424e-18	2.4855714886051197	0.013063816194159021	0.019494454398260554	-5.201015496181952
LV 362	0.00854871463014929	2.1128541140442196e-18	2.9917719018624935	0.0028278111865456305	0.004652595328290887	-3.822777967487121
LV 363	-0.019187492951913285	1.6358138041009365e-19	-7.752374838696263	1.8544517570442505e-14	1.0499469506794654e-13	21.073613352853446
364,REACTOME_POST_TRANSLATIONAL_PROTEIN_MODIFICATION	0.04487892803293205	2.013814752913267e-18	12.654374390817072	1.2515997175638937e-34	3.2124392750806604e-33	67.08030505554481
365,DMAP_EOS2	-2.5847240051774314e-4	-1.5892229392127286e-18	-0.11183466373501938	0.9109723933550827	0.927842252491288	-8.276732406711593
LV 366	6.027552186828079e-4	2.444901836805829e-18	0.23649116204760315	0.8130901729142965	0.8415046144408714	-8.255018761265656
367,PID_FANCONI_PATHWAY	-0.002371775026150491	-6.116145269667032e-19	-1.12037030010104	0.2627704395599979	0.31516080757196013	-7.655579234077495
368,KEGG_AXON_GUIDANCE	-5.868643292320612e-4	1.2735484849052218e-19	-0.28905483895651085	0.7725871722647546	0.8082773405487242	-8.241204861151202
369,DMAP_MONO1	-0.014069617534768758	1.7170425075339614e-18	-3.326937266757579	9.034933866794875e-4	0.001595619054456893	-2.7720800881189236
370,REACTOME_GENERIC_TRANSCRIPTION_PATHWAY	-0.0030849128174131584	1.9973009877661595e-18	-0.35892341657200916	0.7197127803069208	0.7651724602302906	-8.218566262137871
371,PID_ERBB1_DOWNSTREAM_PATHWAY	0.009993460305623347	1.667371522837556e-19	4.795675356054562	1.8153704049922646e-6	4.509145844658206e-6	3.114001387925164
372,REACTOME_METABOLISM_OF_RNA	-0.05435021622353199	-4.1725356335048202e-19	-8.166075619988057	7.693976698366938e-16	4.936968381452119e-15	24.20840350053279
373,REACTOME_METABOLISM_OF_LIPIDS_AND_LIPOPROTEINS	0.06838216195372845	-4.602239365343174e-19	10.527934776245836	6.769211438344176e-25	9.652394088009289e-24	44.830352530214306
374,DMAP_TCELLA2	-0.011016957137762568	-4.052356923795502e-19	-4.411725254852046	1.1134494380208631e-5	2.52451566055661e-5	1.3755487516050806
375,KEGG_NUCLEOTIDE_EXCISION_REPAIR	-0.007188224431609583	1.9699797846955516e-19	-3.6006534726666057	3.298074145658751e-4	6.224306598424604e-4	-1.8328243498899965
LV 376	0.005592269643718879	5.57663796852592e-21	2.9317919389781175	0.003431241526246504	0.005550537763045815	-3.9992210778767223
377,DMAP_ERY3	-0.027211909417531398	2.0466693642007066e-18	-2.704189328007763	0.006939722568417789	0.01086094792211727	-4.636668107735163
378,REACTOME_HOST_INTERACTIONS_OF_HIV_FACTORS	0.007050596270773072	1.8921878465221997e-18	3.0344748582443835	0.002459132578452572	0.0041343495314595646	-3.6950120766439216
379,KEGG_LYSOSOME	-0.007311309070539493	-1.3444452776833808e-18	-1.4371197246384875	0.15093334198023267	0.19052241528652322	-7.25100424670343
380,IRIS_Monocyte-Day7	-0.18440693577154113	9.718048180811061e-19	-21.213120049827943	1.3749272469706912e-85	2.6467349504185806e-83	184.00106345920665
381,MIPS_SPLICEOSOME	-0.015147047056596781	-1.6695546252981031e-18	-3.612553601080273	3.1517968712289093e-4	5.977545790261724e-4	-1.7903388069162478
382,MIPS_NOP56P_ASSOCIATED_PRE_RRNA_COMPLEX	0.11517654442132852	-4.644604522003293e-19	9.763428987860783	9.397592539440204e-22	1.0337351793384224e-20	37.66195138897628
LV 383	-0.0033476727282466603	1.0375140406559851e-18	-1.2032785736924057	0.22909556737594072	0.27842963940989374	-7.559341714059412
384,PID_INTEGRIN1_PATHWAY	-0.0038091005583463676	-6.560330968322875e-19	-1.7546982089013718	0.07955505846421755	0.10417924322695156	-6.745129404312084
LV 385	0.015227233048204957	-1.389577138451916e-18	6.600141706006738	6.045990426670348e-11	2.557919026668224e-10	13.131720603664569
