"","X","pert","PCID","cell","type","trend","WTCS","WTCS_Pval","WTCS_FDR","NCS","NCSct","N_upset","N_downset","t_gn_sym","jlf_tau","fda_approved","clinical_trial_LUAD"
"1",1,"DPCPX",NA,"A549","trt_cp","down",-0.516061465439467,2.10629395011887e-05,0.000448055600226982,-1.60649795033464,0,11,102,NA,-99.7291814385882,FALSE,FALSE
"2",2,"acenocoumarol","54676537","A549","trt_cp","down",-0.506501402468873,2.14546057315827e-05,0.000448055600226982,-1.57673750008624,-0.0253065182413621,11,102,"CYP2C9; RP11-196G11.1; VKORC1",-99.7272118490507,FALSE,FALSE
"3",3,"moxifloxacin","101526","A549","trt_cp","down",-0.502811924040847,2.16286796117578e-05,0.000448055600226982,-1.56525216368861,0,11,102,"TOP2A; TOP2B",-99.1205782714882,TRUE,FALSE
"4",4,"BRD-K54636101","54649570","A549","trt_cp","down",-0.483854859372481,2.24555305425896e-05,0.000448055600226982,-1.50623887249439,0,11,102,NA,-98.0451823839912,FALSE,FALSE
"5",5,"BRD-K28513938",NA,"A549","trt_cp","down",-0.473859225108212,2.28907152430274e-05,0.000448055600226982,-1.47512248998332,-0.655540954313994,11,102,NA,-98.9600567241787,FALSE,FALSE
"6",6,"zaleplon","5719","A549","trt_cp","down",-0.468121653856535,2.315182606329e-05,0.000448055600226982,-1.45726144614841,0,11,102,"TSPO",-98.8113527140944,TRUE,FALSE
"7",7,"TIC-10",NA,"A549","trt_cp","down",-0.465889513446518,2.32388630033776e-05,0.000448055600226982,-1.45031279907108,0,11,102,NA,-98.1929015993067,FALSE,FALSE
"8",8,"BRD-K16782389","54657812","A549","trt_cp","down",-0.465364249535884,2.32823814734214e-05,0.000448055600226982,-1.44867765393367,-0.71186355312922,11,102,NA,-98.4174348065863,FALSE,FALSE
"9",9,"pseudoephedrine","7028","A549","trt_cp","down",-0.464931807635899,2.32823814734214e-05,0.000448055600226982,-1.44733146346511,0,11,102,"ADRA1A; ADRB1; ADRB2; ATF1; ATF2; ATF3; ATF4; ATF5; ATF6; ATF7; CXCL8; FOS; HRH1; IL2; JDP2; JUN; NFATC1; SLC6A2; SLC6A3; SLC6A4; TNF",-98.4647049554873,TRUE,FALSE
"10",10,"BRD-K40471863","54652529","A549","trt_cp","down",-0.464047287176834,2.33258999434652e-05,0.000448055600226982,-1.44457795366118,-0.0142113903989633,11,102,NA,-98.5356101788387,FALSE,FALSE
"11",11,"BRD-K66857873",NA,"A549","trt_cp","down",-0.463975374037684,2.33258999434652e-05,0.000448055600226982,-1.44435408825292,0,11,102,NA,-98.1121484282676,FALSE,FALSE
"12",12,"isotretinoin","5282379","A549","trt_cp","down",-0.463572571427996,2.33258999434652e-05,0.000448055600226982,-1.44310016481514,0,11,102,"CYP2B6; CYP2C8; CYP3A5; CYP3A7; NR2C2; PPARD; RARA; RARB; RARG; RORB; RORC",-97.8945087843693,TRUE,FALSE
"13",13,"H-9","24113957","A549","trt_cp","down",-0.463465964405988,2.33694184135089e-05,0.000448055600226982,-1.4427682974431,0,11,102,"PRKACA",-98.4893248247065,FALSE,FALSE
"14",14,"SB-408124","4331799","A549","trt_cp","down",-0.463136957520045,2.33694184135089e-05,0.000448055600226982,-1.44174409989433,0,11,102,"HCRTR1; HCRTR2",-98.1347987079493,FALSE,FALSE
"15",15,"lomitapide",NA,"A549","trt_cp","down",-0.462776946035741,2.33694184135089e-05,0.000448055600226982,-1.44062338511448,0.024685241943979,11,102,"MTTP",-99.0004333096983,TRUE,FALSE
"16",16,"BRD-K90466405",NA,"A549","trt_cp","down",-0.460063374621558,2.34999738236403e-05,0.000448055600226982,-1.43217604461937,0,11,102,NA,-98.3425904041598,FALSE,FALSE
"17",17,"BRD-K46769156",NA,"A549","trt_cp","down",-0.450710303844941,2.38916400540343e-05,0.000448055600226982,-1.40305996051266,0,11,102,NA,-97.0771291262901,FALSE,FALSE
"18",18,"TGX-221","9907093","A549","trt_cp","down",-0.450128344234862,2.39351585240781e-05,0.000448055600226982,-1.40124832181576,0,11,102,"PIK3CB; PIK3CD",-96.5778381785236,FALSE,FALSE
"19",19,"BRD-K70229243","24747148","A549","trt_cp","down",-0.449358699634767,2.39786769941218e-05,0.000448055600226982,-1.39885242025104,-0.01900252355948,11,102,NA,-95.8018199007327,FALSE,FALSE
"20",20,"BRD-K19624190","6729762","A549","trt_cp","down",-0.448742926303939,2.39786769941218e-05,0.000448055600226982,-1.39693551953262,0,11,102,NA,-95.3232096431104,FALSE,FALSE
"21",21,"orantinib","5329099","A549","trt_cp","down",-0.447775927366884,2.40221954641656e-05,0.000448055600226982,-1.39392525444912,0,11,102,"AURKA; AURKB; EGFR; FGFR2; IKBKE; KDR; PDGFRA; PDGFRB; TBK1",-97.8245883557867,FALSE,FALSE
"22",22,"BRD-K58288048","44507326","A549","trt_cp","down",-0.447614643906206,2.40221954641656e-05,0.000448055600226982,-1.39342317947093,-0.0139342317947094,11,102,NA,-94.8130859528874,FALSE,FALSE
"23",23,"SD-6-035-A1","44618423","A549","trt_cp","down",-0.446569328964372,2.40657139342094e-05,0.000448055600226982,-1.39016911687573,-0.0139016911687574,11,102,NA,-96.4448908847396,FALSE,FALSE
"24",24,"PF-04447943",NA,"A549","trt_cp","down",-0.446411636214749,2.41092324042532e-05,0.000448055600226982,-1.38967821977138,0,11,102,NA,-97.5074844402426,FALSE,FALSE
"25",25,"BRD-K31290914","54660686","A549","trt_cp","down",-0.446107613563349,2.41092324042532e-05,0.000448055600226982,-1.38873179807738,-0.0217643147956298,11,102,NA,-97.0141022610888,FALSE,FALSE
"26",26,"BRD-K36796217","54654353","A549","trt_cp","down",-0.444686839070895,2.41527508742969e-05,0.000448055600226982,-1.38430893091354,-0.0217652544163739,11,102,NA,-97.7851965650358,FALSE,FALSE
"27",27,"BRD-K70415218","24747177","A549","trt_cp","down",-0.444091046693935,2.41962693443407e-05,0.000448055600226982,-1.38245423085064,0,11,102,NA,-97.5774048688253,FALSE,FALSE
"28",28,"anacardic-acid","167551","A549","trt_cp","down",-0.443878900804341,2.41962693443407e-05,0.000448055600226982,-1.38179382126839,0,11,102,NA,-97.1214448908847,FALSE,FALSE
"29",29,"BRD-A12083771","16190867","A549","trt_cp","down",-0.443653237270068,2.41962693443407e-05,0.000448055600226982,-1.38109133129471,0,11,102,NA,-97.6739147561648,FALSE,FALSE
"30",30,"BRD-K24572125",NA,"A549","trt_cp","down",-0.440837233084079,2.43268247544721e-05,0.000448055600226982,-1.37232511785718,0,11,102,NA,-97.7733790278106,FALSE,FALSE
"31",31,"PKCbeta-inhibitor","6419755","A549","trt_cp","down",-0.440361135064067,2.43703432245158e-05,0.000448055600226982,-1.3708430260047,0,11,102,"PRKCB",-97.2002284723864,FALSE,FALSE
"32",32,"mebendazole","4030","A549","trt_cp","down",-0.439897192324833,2.43703432245158e-05,0.000448055600226982,-1.36939877350851,0,11,102,"TUBA1A; TUBB; TUBB4B",-96.8644134562357,TRUE,FALSE
"33",33,"gimeracil",NA,"A549","trt_cp","down",-0.439569777600004,2.43703432245158e-05,0.000448055600226982,-1.368379532353,0,11,102,"DPYD",-97.6837627038525,FALSE,FALSE
"34",34,"BRD-K87081444",NA,"A549","trt_cp","down",-0.438164566409342,2.44573801646034e-05,0.000448055600226982,-1.36400511370567,0,11,102,NA,-95.2286693453084,FALSE,FALSE
"35",35,"CO-102862","10221150","A549","trt_cp","down",-0.435741460474149,2.45444171046909e-05,0.000448055600226982,-1.35646199146341,0,11,102,"SCN2A; SCN4A; SCN9A",-96.8358544079414,FALSE,FALSE
"36",36,"BRD-K48564062",NA,"A549","trt_cp","down",-0.4344465025716,2.46314540447785e-05,0.000448055600226982,-1.35243079100467,0,11,102,NA,-96.0381706452375,FALSE,FALSE
"37",37,"DAPT-GSI-IX","NotFound","A549","trt_cp","down",-0.434335102855608,2.46314540447785e-05,0.000448055600226982,-1.35208400398918,0,11,102,NA,-97.7014890096904,FALSE,FALSE
"38",38,"BRD-K49675259",NA,"A549","trt_cp","down",-0.433725649185039,2.46314540447785e-05,0.000448055600226982,-1.35018677635612,0,11,102,NA,-96.3139131804932,FALSE,FALSE
"39",39,"BRD-K05748221",NA,"A549","trt_cp","down",-0.431813323755189,2.47184909848661e-05,0.000448055600226982,-1.34423371244965,0,11,102,NA,-94.9913338060348,FALSE,FALSE
"40",40,"chlortetracycline","73707519","A549","trt_cp","down",-0.431125628572121,2.47620094549098e-05,0.000448055600226982,-1.34209291919915,0.0142656648932002,11,102,NA,-94.4457575041361,FALSE,FALSE
"41",41,"BRD-K40274786","54651249","A549","trt_cp","down",-0.431060742585286,2.47620094549098e-05,0.000448055600226982,-1.3418909292971,0,11,102,NA,-95.9820373434176,FALSE,FALSE
"42",42,"EI-231","6610267","A549","trt_cp","down",-0.431049378195742,2.47620094549098e-05,0.000448055600226982,-1.3418555519831,0,11,102,"CSNK2A1; CSNK2A2; CSNK2B",-97.5458914362247,FALSE,FALSE
"43",43,"delivert",NA,"A549","trt_cp","down",-0.430554490696772,2.47620094549098e-05,0.000448055600226982,-1.34031496853329,0.0264827044947866,11,102,NA,-97.0397069250768,FALSE,FALSE
"44",44,"BRD-K99908071",NA,"A549","trt_cp","down",-0.430146010896774,2.48055279249536e-05,0.000448055600226982,-1.33904337201737,0,11,102,NA,-95.9318128102103,FALSE,FALSE
"45",45,"labetalol","3869","A549","trt_cp","down",-0.430038528141044,2.48055279249536e-05,0.000448055600226982,-1.33870877848862,-0.0703930309402596,11,102,"ADRA1A; ADRA1B; ADRA1D; ADRB1; ADRB2",-96.0972583313637,TRUE,FALSE
"46",46,"talazoparib",NA,"A549","trt_cp","down",-0.428682007563537,2.48490463949974e-05,0.000448055600226982,-1.33448593358874,0,11,102,"PARP1; PARP2",-97.1756086031671,TRUE,FALSE
"47",47,"BRD-K58679021","666267","A549","trt_cp","down",-0.426819382262618,2.4936083335085e-05,0.000448055600226982,-1.32868758604962,-0.989078417719431,11,102,NA,-95.8668163554715,FALSE,FALSE
"48",48,"favipiravir",NA,"A549","trt_cp","down",-0.426511792919158,2.4936083335085e-05,0.000448055600226982,-1.32773006125285,0,11,102,NA,-95.9928700858741,FALSE,FALSE
"49",49,"paracetamol","1983","A549","trt_cp","down",-0.426086623793846,2.49796018051287e-05,0.000448055600226982,-1.32640651091224,0,11,102,"BAZ2B; BPNT1; CREBBP; CYP2E1; EPX; GPER1; GSS; INS-IGF2; LPO; LTF; MIF; MPO; NR1I3; SULT1A1; TF; UGT1A1; UGT1A6",-95.208973449933,FALSE,FALSE
"50",50,"BRD-K02251932",NA,"A549","trt_cp","down",-0.425103087035658,2.50231202751725e-05,0.000448055600226982,-1.32334476363614,-0.0280752173507902,11,102,NA,-95.1745056330261,FALSE,FALSE
"51",51,"LY-320135","5311257","A549","trt_cp","down",-0.425057196982099,2.50231202751725e-05,0.000448055600226982,-1.32320190802316,0,11,102,"CNR1",-94.3197037737336,FALSE,FALSE
"52",52,"LCL-161",NA,"A549","trt_cp","down",-0.424973777314575,2.50231202751725e-05,0.000448055600226982,-1.3229422228231,0,11,102,NA,-97.7664854644292,FALSE,FALSE
"53",53,"erbstatin-analog","5353609","A549","trt_cp","down",-0.424478692250255,2.50666387452163e-05,0.000448055600226982,-1.32140102435289,0,11,102,"EGFR",-95.6048609469786,FALSE,FALSE
"54",54,"VU-0415374-1","46869940","A549","trt_cp","down",-0.424407353890274,2.50666387452163e-05,0.000448055600226982,-1.32117894823063,-0.604067045748086,11,102,"GRM4",-93.9484361459072,FALSE,FALSE
"55",55,"pyrrolidine-dithiocarbamate","517348","A549","trt_cp","down",-0.423568251689881,2.50666387452163e-05,0.000448055600226982,-1.31856682534348,0,11,102,"HSD11B1; RELA",-94.8002836208934,FALSE,FALSE
"56",56,"LFM-A13","9906875","A549","trt_cp","down",-0.42343554331111,2.51101572152601e-05,0.000448055600226982,-1.31815370451822,0,11,102,"BTK",-94.5580241077759,FALSE,FALSE
"57",57,"BRD-K49749421","24747162","A549","trt_cp","down",-0.423181704904508,2.51101572152601e-05,0.000448055600226982,-1.31736350624295,0,11,102,NA,-93.220672811786,FALSE,FALSE
"58",58,"calcifediol","46705323","A549","trt_cp","down",-0.422554899073424,2.51101572152601e-05,0.000448055600226982,-1.31541226138099,0,11,102,"VDR",-94.8514929488694,TRUE,FALSE
"59",59,"dasatinib","3062316","A549","trt_cp","down",-0.420881469340121,2.51971941553476e-05,0.000448055600226982,-1.31020287913368,0,11,102,"ABL1; ABL2; ACVRL1; BCR; BLK; BMPR1B; BMX; BTK; CSK; DDR1; DDR2; EPHA1; EPHA2; EPHA3; EPHA4; EPHA5; EPHA6; EPHA8; EPHB1; EPHB2; EPHB3; EPHB4; EPHB6; ERBB3; ERBB4; FGR; FRK; FYN; GAK; HCK; HSPA8; KIT; LCK; LIMK1; LIMK2; LYN; MAP2K5; MAP3K19; MAP3K20; MAP4K5; MAPK14; MLTK; NEK11; NLK; NR4A3; PDGFRA; PDGFRB; PPAT; PTK6; RIPK2; SIK1; SIK2; SIK3; SRC; SRMS; STAT5B; TEC; TESK1; TNK2; TNNI3K; TXK; TYK2; YES1",-92.3146616245174,TRUE,TRUE
"60",60,"BRD-K32885145","54615022","A549","trt_cp","down",-0.420614251374766,2.51971941553476e-05,0.000448055600226982,-1.3093710303281,-0.546472237111258,11,102,NA,-93.4570235562909,FALSE,FALSE
"61",61,"ergometrine","3250","A549","trt_cp","down",-0.419779687928806,2.52407126253914e-05,0.000448055600226982,-1.30677303657125,0,11,102,"ADRA1A; HTR1E",-93.3772551800205,FALSE,FALSE
"62",62,"minoxidil","4201","A549","trt_cp","down",-0.418390545410239,2.5327749565479e-05,0.000448055600226982,-1.30244863965683,0,11,102,"ABCC9; KCNJ1; KCNJ10; KCNJ11; KCNJ8; REN",-93.6431497675884,TRUE,FALSE
"63",63,"BRD-K86312065",NA,"A549","trt_cp","down",-0.418267534491423,2.5327749565479e-05,0.000448055600226982,-1.30206570699826,-0.498289440053798,11,102,NA,-93.8647285905617,FALSE,FALSE
"64",64,"TPCA-1","9903786","A549","trt_cp","down",-0.41782167611145,2.5327749565479e-05,0.000448055600226982,-1.30067775106367,0,11,102,"CDC42BPB; EPHB1; IKBKB; MAP3K9; NTRK3; NUAK1; RET; TNK2; TYK2",-92.8060742141338,FALSE,FALSE
"65",65,"oleoylethanolamide","5283454","A549","trt_cp","down",-0.415437976805409,2.54583049756103e-05,0.000448055600226982,-1.2932573015517,0,11,102,"CNR1; GPR119; GPR55; KCND3; PPARA",-93.1665090995037,FALSE,FALSE
"66",66,"BRD-K35832492","NotFound","A549","trt_cp","down",-0.415437858518747,2.54583049756103e-05,0.000448055600226982,-1.29325693332564,-1.2351971290309,11,102,NA,-97.0692507681399,FALSE,FALSE
"67",67,"estradiol","5757","A549","trt_cp","down",-0.414177190060305,2.55018234456541e-05,0.000448055600226982,-1.28933247581395,0,11,102,"ATP6; BECN1; BPNT1; CHRNA4; CYP2A6; CYP2B6; CYP2C8; CYP2E1; CYP3A5; CYP3A7; ESR1; ESR2; ESRRA; ESRRB; ESRRG; GPER1; HSD17B1; HSD17B11; HSD17B12; HSD17B2; HSD17B6; HSD17B7; HSD17B8; KCNMA1; NCOA2; NR1I2; SHBG; SULT1A1; SULT1E1; UGT1A1; UGT1A10; UGT1A3; UGT1A4; UGT1A5; UGT1A6; UGT1A7; UGT1A8; UGT1A9; UGT2A2; UGT2A3; UGT2B10; UGT2B11; UGT2B15; UGT2B17; UGT2B4; UGT2B7",-91.7159064051052,TRUE,FALSE
"68",68,"AG-370","5328748","A549","trt_cp","down",-0.414040149483502,2.55018234456541e-05,0.000448055600226982,-1.28890586886789,0,11,102,"PDGFRB",-93.4944457575041,FALSE,FALSE
"69",69,"BRD-K43570134",NA,"A549","trt_cp","down",-0.413456258521098,2.55453419156978e-05,0.000448055600226982,-1.28708821787641,0,11,102,NA,-93.0079571417317,FALSE,FALSE
"70",70,"BRD-K23488072","60191401","A549","trt_cp","down",-0.412966929810965,2.55453419156978e-05,0.000448055600226982,-1.28556493892126,0,11,102,NA,-92.1186874655322,FALSE,FALSE
"71",71,"BRD-K86961442",NA,"A549","trt_cp","down",-0.411155554579293,2.56323788557854e-05,0.000448055600226982,-1.27992613270951,0,11,102,NA,-91.8813519262586,FALSE,FALSE
"72",72,"BRD-K61855818",NA,"A549","trt_cp","down",-0.411040531170509,2.56323788557854e-05,0.000448055600226982,-1.27956806514813,0,11,102,NA,-92.5490427794848,FALSE,FALSE
"73",73,"SA-1458985","54657732","A549","trt_cp","down",-0.410692784692074,2.56323788557854e-05,0.000448055600226982,-1.27848553129847,-0.733961579135138,11,102,NA,-91.4116048215552,FALSE,FALSE
"74",74,"erastin","11214940","A549","trt_cp","down",-0.409845330017529,2.56758973258292e-05,0.000448055600226982,-1.2758474071818,0,11,102,"VDAC2",-93.4757346568975,FALSE,FALSE
"75",75,"pyrazolanthrone","8515","A549","trt_cp","down",-0.409474104289809,2.5719415795873e-05,0.000448055600226982,-1.27469178249243,0,11,102,"LRRK2; MAPK10; MAPK8; MAPK8IP1; MAPK9; TTK",-93.2137792484046,FALSE,FALSE
"76",76,"BRD-K07161233","3528206","A549","trt_cp","down",-0.409373013481221,2.5719415795873e-05,0.000448055600226982,-1.27437708707789,0,11,102,NA,-93.2236271960923,FALSE,FALSE
"77",77,"MW-STK33-4C","755673","A549","trt_cp","down",-0.408635730202412,2.5719415795873e-05,0.000448055600226982,-1.27208192621908,0,11,102,NA,-95.3241944378792,FALSE,FALSE
"78",78,"BRD-K63423329","54666687","A549","trt_cp","down",-0.408348639255903,2.57629342659167e-05,0.000448055600226982,-1.27118821287674,-0.715754061409862,11,102,NA,-91.4716773024502,FALSE,FALSE
"79",79,"BRD-A88029023","2951539","A549","trt_cp","down",-0.407584977583466,2.57629342659167e-05,0.000448055600226982,-1.26881093614969,0,11,102,NA,-93.4383124556842,FALSE,FALSE
"80",80,"deoxyandirobin","6708516","A549","trt_cp","down",-0.40624434734493,2.58499712060043e-05,0.000448055600226982,-1.26463755783218,0,11,102,NA,-93.7111006066336,FALSE,FALSE
"81",81,"PA-824",NA,"A549","trt_cp","down",-0.405709188570175,2.58499712060043e-05,0.000448055600226982,-1.26297161000945,0,11,102,NA,-92.7479713227763,FALSE,FALSE
"82",82,"EO-1428","9801969","A549","trt_cp","down",-0.4054190495614,2.58934896760481e-05,0.000448055600226982,-1.2620684080575,-0.033813071169716,11,102,"MAPK11; MAPK14",-93.3486961317261,FALSE,FALSE
"83",83,"guanadrel","66931399","A549","trt_cp","down",-0.404877007356841,2.58934896760481e-05,0.000448055600226982,-1.26038103213634,0,11,102,"SLC6A2",-91.6627274875916,FALSE,FALSE
"84",84,"BRD-K12901964",NA,"A549","trt_cp","down",-0.404796978544731,2.58934896760481e-05,0.000448055600226982,-1.26013190266004,0,11,102,NA,-93.0808319546207,FALSE,FALSE
"85",85,"triamcinolone","31307","A549","trt_cp","down",-0.403032305216515,2.59805266161356e-05,0.000448055600226982,-1.25463847934781,0,11,102,"BGLAP; CYP3A5; CYP3A7; NR3C1; SERPINA6",-94.2586464980698,TRUE,FALSE
"86",86,"BRD-K14975149","44460126","A549","trt_cp","down",-0.402911774834365,2.59805266161356e-05,0.000448055600226982,-1.25426326859319,-0.012542632685932,11,102,NA,-93.3949814858583,FALSE,FALSE
"87",87,"SCH-442416","10668061","A549","trt_cp","down",-0.401983895878541,2.60240450861794e-05,0.000448055600226982,-1.25137478390577,0,11,102,"ADORA1; ADORA2A; ADORA2B; ADORA3",-92.7775151658394,FALSE,FALSE
"88",88,"BRD-K06816133","54666634","A549","trt_cp","down",-0.401184359889925,2.60675635562232e-05,0.000448055600226982,-1.24888583052919,0,11,102,NA,-92.4929094776649,FALSE,FALSE
"89",89,"BRL-50481","2921148","A549","trt_cp","down",-0.400955772172095,2.60675635562232e-05,0.000448055600226982,-1.24817423757998,0,11,102,"PDE7A; PDE7B",-89.2273300244229,FALSE,FALSE
"90",90,"BRD-K70369221","2215989","A549","trt_cp","down",-0.400929828982196,2.60675635562232e-05,0.000448055600226982,-1.24809347649978,0,11,102,NA,-88.8501536279839,FALSE,FALSE
"91",91,"BRD-K52643615",NA,"A549","trt_cp","down",-0.400218719705904,2.6111082026267e-05,0.000448055600226982,-1.24587979524022,-0.0219343453013256,11,102,NA,-92.9518238399118,FALSE,FALSE
"92",92,"CCMQ","3337816","A549","trt_cp","down",-0.400052217617003,2.6111082026267e-05,0.000448055600226982,-1.24536147468645,0,11,102,NA,-91.5307649885764,FALSE,FALSE
"93",93,"BRD-K19290969","717880","A549","trt_cp","down",-0.399383457842305,2.61546004963107e-05,0.000448055600226982,-1.24327962731115,0.0182545232470441,11,102,NA,-92.0280863468053,FALSE,FALSE
"94",94,"angiogenesis-inhibitor","2812173","A549","trt_cp","down",-0.399206456465656,2.61546004963107e-05,0.000448055600226982,-1.24272862250293,0,11,102,"EGFR",-90.4533995115418,FALSE,FALSE
"95",95,"roxatidine",NA,"A549","trt_cp","down",-0.398999053172931,2.61546004963107e-05,0.000448055600226982,-1.24208297661195,-0.0124208297661195,11,102,"HRH2",-92.2299692744032,FALSE,FALSE
"96",96,"everolimus","6442177","A549","trt_cp","down",-0.398960067564305,2.61546004963107e-05,0.000448055600226982,-1.24196161451742,0,11,102,"CYP3A5; FKBP1A; MTOR",-94.7520286772237,TRUE,TRUE
"97",97,"BAS-02859604","1140587","A549","trt_cp","down",-0.39745088096972,2.62416374363983e-05,0.000448055600226982,-1.23726352071805,0,11,102,NA,-93.8775309225557,FALSE,FALSE
"98",98,"BRD-K45231555",NA,"A549","trt_cp","down",-0.39690439993905,2.62416374363983e-05,0.000448055600226982,-1.23556232674319,0,11,102,NA,-91.8429449302765,FALSE,FALSE
"99",99,"ST-014366","3156173","A549","trt_cp","down",-0.396728613165459,2.62416374363983e-05,0.000448055600226982,-1.23501510299101,-0.0123501510299101,11,102,NA,-90.8965571574884,FALSE,FALSE
"100",100,"ST-91","20864","A549","trt_cp","down",-0.39627641477346,2.62851559064421e-05,0.000448055600226982,-1.23360741061609,0,11,102,NA,-94.1513038682739,FALSE,FALSE
"101",101,"tetrahydrobiopterin","53484654","A549","trt_cp","down",-0.396152666203463,2.62851559064421e-05,0.000448055600226982,-1.23322218165138,0,11,102,"CAV1; DBH; DDC; DNM2; LYPLA1; NOS3; NOSIP; NOSTRIN; PAH; PCBD1; PRKG2; PTS; QDPR; SPR; TAT; TH; TPH1; TPH2; WASL; ZDHHC21",-91.4076656424801,FALSE,FALSE
"102",102,"BRD-K78472431",NA,"A549","trt_cp","down",-0.395481246033709,2.63286743764859e-05,0.000448055600226982,-1.23113205247345,-0.0301821004588637,11,102,NA,-91.0048845820531,FALSE,FALSE
"103",103,"BRD-K38634661","53338813","A549","trt_cp","down",-0.395008606898166,2.63286743764859e-05,0.000448055600226982,-1.22966072811899,-0.0122966072811899,11,102,NA,-90.5459702198062,FALSE,FALSE
"104",104,"BRD-K23342641","15050929","A549","trt_cp","down",-0.394973363267515,2.63286743764859e-05,0.000448055600226982,-1.22955101479181,-0.0224308219251857,11,102,NA,-89.7906326321595,FALSE,FALSE
"105",105,"BRD-K29555302",NA,"A549","trt_cp","down",-0.394570761616165,2.63286743764859e-05,0.000448055600226982,-1.22829771693678,0,11,102,NA,-88.742810998188,FALSE,FALSE
"106",106,"BRD-K05542495","946273","A549","trt_cp","down",-0.393558353769107,2.63721928465296e-05,0.000448055600226982,-1.22514609403889,0,11,102,NA,-92.7952414716773,FALSE,FALSE
"107",107,"BRD-K29767311","2218783","A549","trt_cp","down",-0.393513337777239,2.63721928465296e-05,0.000448055600226982,-1.22500595937759,-0.0160543511438974,11,102,NA,-89.4430000787836,FALSE,FALSE
"108",108,"BRD-K43556160",NA,"A549","trt_cp","down",-0.393046312068104,2.64157113165734e-05,0.000448055600226982,-1.2235521096044,0,11,102,NA,-90.9310249743953,FALSE,FALSE
"109",109,"BRD-K73427206","54632054","A549","trt_cp","down",-0.392908784815746,2.64157113165734e-05,0.000448055600226982,-1.22312398763866,0,11,102,NA,-90.8601197510439,FALSE,FALSE
"110",110,"BRD-K03568952",NA,"A549","trt_cp","down",-0.392785139716653,2.64157113165734e-05,0.000448055600226982,-1.2227390807786,0,11,102,NA,-89.5779169621051,FALSE,FALSE
"111",111,"ICI-199441","3082718","A549","trt_cp","down",-0.39234833784068,2.64592297866172e-05,0.000448055600226982,-1.22137931771654,-0.0275405172467454,11,102,"CYP2D6; OPRD1; OPRK1; OPRM1; UTS2R",-87.5590876861262,FALSE,FALSE
"112",112,"CAM-9-027-3","49849912","A549","trt_cp","down",-0.391995438202895,2.64592297866172e-05,0.000448055600226982,-1.22028074209573,0,11,102,NA,-90.6641455920586,FALSE,FALSE
"113",113,"BRD-K27452198","54637810","A549","trt_cp","down",-0.391837444242593,2.64592297866172e-05,0.000448055600226982,-1.21978890732334,-0.872543625748968,11,102,NA,-89.8733553927362,FALSE,FALSE
"114",114,"MD-920","6466","A549","trt_cp","down",-0.391210839786754,2.6502748256661e-05,0.000448055600226982,-1.21783828934198,0,11,102,NA,-93.4471756086032,FALSE,FALSE
"115",115,"BRD-K29251608","44500434","A549","trt_cp","down",-0.390778055727707,2.6502748256661e-05,0.000448055600226982,-1.21649103373318,-0.880715166064387,11,102,NA,-89.7758607106279,FALSE,FALSE
"116",116,"BRD-K37655007",NA,"A549","trt_cp","down",-0.390756706734192,2.6502748256661e-05,0.000448055600226982,-1.21642457437394,0,11,102,NA,-93.2127944536359,FALSE,FALSE
"117",117,"L-732138","3563638","A549","trt_cp","down",-0.389730486279939,2.65462667267047e-05,0.000448055600226982,-1.21322995286709,0,11,102,"TACR1; TACR2",-88.7605373040258,FALSE,FALSE
"118",118,"BRD-K69438871",NA,"A549","trt_cp","down",-0.389651596094451,2.65462667267047e-05,0.000448055600226982,-1.2129843679324,0,11,102,NA,-90.9379185377767,FALSE,FALSE
"119",119,"VX-222","24798764","A549","trt_cp","down",-0.388717993225542,2.65897851967485e-05,0.000448055600226982,-1.21007806471897,0,11,102,NA,-89.6271567005436,FALSE,FALSE
"120",120,"BRD-K86354270",NA,"A549","trt_cp","down",-0.388143494007292,2.66333036667923e-05,0.000448055600226982,-1.20828965020172,0,11,102,NA,-90.5282439139683,FALSE,FALSE
"121",121,"BRD-K23657553","44500949","A549","trt_cp","down",-0.387881605969288,2.66333036667923e-05,0.000448055600226982,-1.20747439344561,0.54715844730428,11,102,NA,-90.7813361695423,FALSE,FALSE
"122",122,"naringin","442428","A549","trt_cp","down",-0.387613589360391,2.66333036667923e-05,0.000448055600226982,-1.20664005846482,-0.0241328011692965,11,102,"SLCO1A2",-89.4193650043331,FALSE,FALSE
"123",123,"BRD-K22449070","60138073","A549","trt_cp","down",-0.387399162099907,2.66768221368361e-05,0.000448055600226982,-1.20597254698115,-0.0120597254698115,11,102,NA,-86.5270227684551,FALSE,FALSE
"124",124,"LY-2886721",NA,"A549","trt_cp","down",-0.38664171242013,2.66768221368361e-05,0.000448055600226982,-1.20361460817049,0,11,102,NA,-90.9457968959269,FALSE,FALSE
"125",125,"adoprazine",NA,"A549","trt_cp","down",-0.38573510828249,2.67203406068799e-05,0.000448055600226982,-1.20079235193471,-0.869562126870589,11,102,NA,-89.8132829118412,FALSE,FALSE
"126",126,"BRD-K65411918","92859","A549","trt_cp","down",-0.385030789854239,2.67638590769236e-05,0.000448055600226982,-1.19859981056679,0,11,102,NA,-90.67103915544,FALSE,FALSE
"127",127,"rigosertib",NA,"A549","trt_cp","down",-0.384974826664967,2.67638590769236e-05,0.000448055600226982,-1.19842559730949,0,11,102,"PLK1",-93.255140628693,FALSE,TRUE
"128",128,"BRD-K34532661",NA,"A549","trt_cp","down",-0.384835214801763,2.67638590769236e-05,0.000448055600226982,-1.1979909859558,0,11,102,NA,-87.7530922555739,FALSE,FALSE
"129",129,"BRD-K97951054","5281657","A549","trt_cp","down",-0.384710796095332,2.67638590769236e-05,0.000448055600226982,-1.19760367085818,0,11,102,NA,-89.719727408808,FALSE,FALSE
"130",130,"CP-466722","44551660","A549","trt_cp","down",-0.384443382198562,2.68073775469674e-05,0.000448055600226982,-1.19677121211863,0,11,102,NA,-90.9438273063894,FALSE,FALSE
"131",131,"OVE-238",NA,"A549","trt_cp","down",-0.384200798079601,2.68073775469674e-05,0.000448055600226982,-1.19601604841044,-0.801330752434996,11,102,NA,-87.5521941227448,FALSE,FALSE
"132",132,"ASN-05257430","650361","A549","trt_cp","down",-0.382869524623686,2.68508960170112e-05,0.000448055600226982,-1.19187179773201,-0.570199622965399,11,102,NA,-89.449893642165,FALSE,FALSE
"133",133,"BRD-K75035820","54615032","A549","trt_cp","down",-0.382654730291558,2.68508960170112e-05,0.000448055600226982,-1.19120314355529,0,11,102,NA,-87.7521074608052,FALSE,FALSE
"134",134,"pomalidomide",NA,"A549","trt_cp","down",-0.382528909777815,2.68508960170112e-05,0.000448055600226982,-1.19081146463529,0,11,102,"CRBN; DDB1; TNF",-88.2189001812022,TRUE,FALSE
"135",135,"BRD-K19322034",NA,"A549","trt_cp","down",-0.382468856328327,2.6894414487055e-05,0.000448055600226982,-1.19062451840897,-1.0974748504343,11,102,NA,-91.3210037028283,FALSE,FALSE
"136",136,"PSH-013","6572379","A549","trt_cp","down",-0.382311204454083,2.6894414487055e-05,0.000448055600226982,-1.19013374854956,0,11,102,NA,-83.8473962026314,FALSE,FALSE
"137",137,"BRD-A68721828","23777654","A549","trt_cp","down",-0.382251074914098,2.6894414487055e-05,0.000448055600226982,-1.18994656545373,-0.226949388860163,11,102,NA,-88.5734262979595,FALSE,FALSE
"138",138,"TER-14687","5400","A549","trt_cp","down",-0.382067185406702,2.6894414487055e-05,0.000448055600226982,-1.18937411791307,-0.0312723643255243,11,102,NA,-90.0427400929646,FALSE,FALSE
"139",139,"BRD-K38246370",NA,"A549","trt_cp","down",-0.381686952105892,2.6894414487055e-05,0.000448055600226982,-1.18819045267296,0,11,102,NA,-90.0909950366344,FALSE,FALSE
"140",140,"GNF-2","5311510","A549","trt_cp","down",-0.381623616957396,2.6894414487055e-05,0.000448055600226982,-1.18799329052648,0,11,102,NA,-89.8172220909162,FALSE,FALSE
"141",141,"BRD-K14395166",NA,"A549","trt_cp","down",-0.381590382351219,2.6894414487055e-05,0.000448055600226982,-1.18788983128707,0,11,102,NA,-88.5763806822658,FALSE,FALSE
"142",142,"BRD-K97701319","5400439","A549","trt_cp","down",-0.381529452316565,2.6894414487055e-05,0.000448055600226982,-1.18770015625349,0,11,102,NA,-88.3449539116048,FALSE,FALSE
"143",143,"BRD-K98168679",NA,"A549","trt_cp","down",-0.381383272150891,2.69379329570988e-05,0.000448055600226982,-1.18724509779193,0,11,102,NA,-87.778696919562,FALSE,FALSE
"144",144,"BRD-K24785678",NA,"A549","trt_cp","down",-0.381331582401242,2.69379329570988e-05,0.000448055600226982,-1.18708418774065,0,11,102,NA,-88.378436933743,FALSE,FALSE
"145",145,"oxybutynin","91505","A549","trt_cp","down",-0.381216978729089,2.69379329570988e-05,0.000448055600226982,-1.18672742681827,0,11,102,"CHRM1; CHRM4",-89.3189159379185,TRUE,FALSE
"146",146,"norgestimate","5360970","A549","trt_cp","down",-0.381147225516461,2.69379329570988e-05,0.000448055600226982,-1.18651028525546,0,11,102,"AR; ESR1; PGR",-88.5379736862838,TRUE,FALSE
"147",147,"adipiodone","3739","A549","trt_cp","down",-0.380954037090357,2.69379329570988e-05,0.000448055600226982,-1.18590889020593,0,11,102,"ALB",-86.9731347987079,FALSE,FALSE
"148",148,"BRD-K92061784",NA,"A549","trt_cp","down",-0.380190911135303,2.69814514271425e-05,0.000448055600226982,-1.18353328116565,0,11,102,NA,-91.1279839281494,FALSE,FALSE
"149",149,"BRD-K23935793","663459","A549","trt_cp","down",-0.379190322277234,2.70249698971863e-05,0.000448055600226982,-1.1804184507486,-0.64624059596878,11,102,NA,-89.4203497991019,FALSE,FALSE
"150",150,"vismodegib",NA,"A549","trt_cp","down",-0.378949774379016,2.70249698971863e-05,0.000448055600226982,-1.1796696257901,0,11,102,"SHH; SMO",-86.4334672654219,TRUE,FALSE
"151",151,"phenelzine","61100","A549","trt_cp","down",-0.37847678186414,2.70684883672301e-05,0.000448055600226982,-1.17819720136673,0,11,102,"ABAT; AOC3; GAD2; GPT; GPT2; MAOA; MAOB; SLC6A2; SLC6A3; SLC6A4",-87.0854014023478,TRUE,FALSE
"152",152,"GS-39783","6604928","A549","trt_cp","down",-0.378239237903945,2.70684883672301e-05,0.000448055600226982,-1.17745772765919,0,11,102,"GABBR1",-85.1197510438824,FALSE,FALSE
"153",153,"methandriol","229021","A549","trt_cp","down",-0.378219865271421,2.70684883672301e-05,0.000448055600226982,-1.17739742070638,-0.0117739742070638,11,102,NA,-87.3611439376034,FALSE,FALSE
"154",154,"tetrabenazine","6018","A549","trt_cp","down",-0.378023870557313,2.70684883672301e-05,0.000448055600226982,-1.17678728968987,0,11,102,"SLC18A1; SLC18A2",-86.1882533679981,TRUE,FALSE
"155",155,"BRD-K32656671","22416235","A549","trt_cp","down",-0.377996697621051,2.70684883672301e-05,0.000448055600226982,-1.17670270041256,-0.0117670270041256,11,102,NA,-86.5122508469235,FALSE,FALSE
"156",156,"BRD-K91924645",NA,"A549","trt_cp","down",-0.376466868601278,2.71555253073176e-05,0.000448055600226982,-1.17194034679924,0,11,102,NA,-87.6674151106909,FALSE,FALSE
"157",157,"trifluridine","6256","A549","trt_cp","down",-0.375395827465414,2.71990437773614e-05,0.000448055600226982,-1.1686061986314,0,11,102,"TYMS",-88.9023477507288,TRUE,FALSE
"158",158,"BRD-K39289507","44500050","A549","trt_cp","down",-0.375217977501403,2.71990437773614e-05,0.000448055600226982,-1.16805255217301,-1.10348362341728,11,102,NA,-82.3386906168754,FALSE,FALSE
"159",159,"BRD-K80456018",NA,"A549","trt_cp","down",-0.375007997296657,2.71990437773614e-05,0.000448055600226982,-1.16739888436186,0,11,102,NA,-84.9562751122666,FALSE,FALSE
"160",160,"BRD-K02598395","44496732","A549","trt_cp","down",-0.374574344888558,2.71990437773614e-05,0.000448055600226982,-1.16604892558481,-0.0116604892558481,11,102,NA,-88.7703852517135,FALSE,FALSE
"161",161,"ritonavir","5076","A549","trt_cp","down",-0.374441931916314,2.72425622474052e-05,0.000448055600226982,-1.16563672435926,-0.0202369862021488,11,102,"CYP1A2; CYP2B6; CYP3A4; CYP3A5; CYP3A7; NR1I2",-85.7047191365319,TRUE,FALSE
"162",162,"GDC-0879","11717001","A549","trt_cp","down",-0.373358621426507,2.7286080717449e-05,0.000448055600226982,-1.16226438172568,0,11,102,"BRAF; RAF1",-85.6544946033247,FALSE,FALSE
"163",163,"BRD-K46766834",NA,"A549","trt_cp","down",-0.373087195336666,2.7286080717449e-05,0.000448055600226982,-1.16141943303992,0,11,102,NA,-87.6024186559521,FALSE,FALSE
"164",164,"BRD-A20131130",NA,"A549","trt_cp","down",-0.371900021324508,2.73295991874928e-05,0.000448055600226982,-1.15772376354133,0,11,102,NA,-85.1000551485071,FALSE,FALSE
"165",165,"ALX-5407","6604909","A549","trt_cp","down",-0.371160635964479,2.73731176575365e-05,0.000448055600226982,-1.15542205890934,0,11,102,"SLC6A9",-89.9708500748444,FALSE,FALSE
"166",166,"AVN-944",NA,"A549","trt_cp","down",-0.37114743722707,2.73731176575365e-05,0.000448055600226982,-1.15538097127537,0,11,102,NA,-89.0579453241944,FALSE,FALSE
"167",167,"axitinib","6450551","A549","trt_cp","down",-0.37108397825435,2.73731176575365e-05,0.000448055600226982,-1.15518342366442,0,11,102,"ABL2; AURKC; CSF1; CYP3A5; FLT1; FLT4; KDR; KIT; PDGFRA; PDGFRB; PLK4",-87.8505869376822,TRUE,TRUE
"168",168,"BRD-K52801121","44202691","A549","trt_cp","down",-0.370836271430056,2.73731176575365e-05,0.000448055600226982,-1.15441231298834,-1.15590135100496,11,102,NA,-84.2472228787521,FALSE,FALSE
"169",169,"BRD-K82096551","54638823","A549","trt_cp","down",-0.369717654787294,2.74166361275803e-05,0.000448055600226982,-1.15093006239581,-0.853851421713341,11,102,NA,-85.7283542109824,FALSE,FALSE
"170",170,"BRD-K53461563","53338825","A549","trt_cp","down",-0.368667019296241,2.74601545976241e-05,0.000448055600226982,-1.14765943694524,-0.765714033345793,11,102,NA,-83.9291341684393,FALSE,FALSE
"171",171,"aminocaproic-acid","564","A549","trt_cp","down",-0.368577025940166,2.74601545976241e-05,0.000448055600226982,-1.14737928787045,0,11,102,NA,-82.7148822185457,TRUE,FALSE
"172",172,"BRD-K06898795","54652413","A549","trt_cp","down",-0.368436802817216,2.75036730676679e-05,0.000448055600226982,-1.14694277366682,-0.823768993157378,11,102,NA,-88.074135350193,FALSE,FALSE
"173",173,"BRD-K58900438","699552","A549","trt_cp","down",-0.368023829229946,2.75036730676679e-05,0.000448055600226982,-1.14565718800325,0,11,102,NA,-88.207082643977,FALSE,FALSE
"174",174,"BRD-K69649444",NA,"A549","trt_cp","down",-0.368007774202821,2.75036730676679e-05,0.000448055600226982,-1.1456072087471,0,11,102,NA,-85.0173323879304,FALSE,FALSE
"175",175,"tioconazole","5482","A549","trt_cp","down",-0.367659465826481,2.75036730676679e-05,0.000448055600226982,-1.14452292571078,0,11,102,"CYP51A1",-83.3254549751832,TRUE,FALSE
"176",176,"amcinonide","2133","A549","trt_cp","down",-0.36676120616161,2.75471915377116e-05,0.000448055600226982,-1.14172664579623,0,11,102,"ANXA1; NR3C1",-86.3448357362326,TRUE,FALSE
"177",177,"BRD-K37303684","54638394","A549","trt_cp","down",-0.366443104572754,2.75907100077554e-05,0.000448055600226982,-1.14073639640789,-0.0134759012196376,11,102,NA,-86.3271094303947,FALSE,FALSE
"178",178,"STO-609","3467590","A549","trt_cp","down",-0.366241300920367,2.75907100077554e-05,0.000448055600226982,-1.14010818218218,0,11,102,"CAMKK1; CAMKK2",-85.4348853698889,FALSE,FALSE
"179",179,"SDZ-WAG-994","18755269","A549","trt_cp","down",-0.366162190547512,2.75907100077554e-05,0.000448055600226982,-1.13986191180481,-1.01101206065114,11,102,"ADORA1",-82.4617899629717,FALSE,FALSE
"180",180,"BRD-K81647657","1673","A549","trt_cp","down",-0.365890953805318,2.75907100077554e-05,0.000448055600226982,-1.13901755255776,0,11,102,NA,-84.7346962892933,FALSE,FALSE
"181",181,"BRD-K79260832",NA,"A549","trt_cp","down",-0.365452621090463,2.76342284777992e-05,0.000448055600226982,-1.13765302399839,0,11,102,NA,-83.8739856613882,FALSE,FALSE
"182",182,"halometasone","9846332","A549","trt_cp","down",-0.365441945442585,2.76342284777992e-05,0.000448055600226982,-1.13761979073534,-1.13785813361463,11,102,"NR3C1",-87.8466477586071,FALSE,FALSE
"183",183,"oseltamivir-carboxylate",NA,"A549","trt_cp","down",-0.365300128150377,2.76342284777992e-05,0.000448055600226982,-1.13717831388711,0,11,102,NA,-83.3766643031592,FALSE,FALSE
"184",184,"BRD-K90424352","54651215","A549","trt_cp","down",-0.364977847458186,2.76342284777992e-05,0.000448055600226982,-1.13617505496136,0,11,102,NA,-82.8409359489482,FALSE,FALSE
"185",185,"BRD-K45759552",NA,"A549","trt_cp","down",-0.364578399797023,2.76342284777992e-05,0.000448055600226982,-1.13493157546928,0,11,102,NA,-86.2670369494997,FALSE,FALSE
"186",186,"BRD-K11778372","44202572","A549","trt_cp","down",-0.364010307095159,2.77212654178868e-05,0.000448055600226982,-1.13316310442026,-0.681285920101771,11,102,NA,-83.206294808162,FALSE,FALSE
"187",187,"RVX-208",NA,"A549","trt_cp","down",-0.363956725630724,2.77212654178868e-05,0.000448055600226982,-1.13299630546596,0,11,102,"BRD2; BRD4",-84.4884975971008,FALSE,FALSE
"188",188,"BRD-K45308677","24747151","A549","trt_cp","down",-0.363393485525636,2.77647838879305e-05,0.000448055600226982,-1.13124294053762,0.0212380906054069,11,102,NA,-85.5382888206098,FALSE,FALSE
"189",189,"BRD-K47551852","54657605","A549","trt_cp","down",-0.362974604257271,2.77647838879305e-05,0.000448055600226982,-1.12993896427873,0,11,102,NA,-82.486409832191,FALSE,FALSE
"190",190,"GR-159897","3570748","A549","trt_cp","down",-0.361966478028242,2.78083023579743e-05,0.000448055600226982,-1.12680067004621,0,11,102,"TAC1; TACR2",-84.0473095406917,FALSE,FALSE
"191",191,"ubenimex","72172","A549","trt_cp","down",-0.361123621095172,2.78518208280181e-05,0.000448055600226982,-1.12417685868636,0,11,102,"ANPEP; LTA4H; RNPEP",-87.7540770503427,FALSE,FALSE
"192",192,"MDL-11939","71781","A549","trt_cp","down",-0.36094208069897,2.78518208280181e-05,0.000448055600226982,-1.12361172392251,0,11,102,"HTR2B",-83.9921610336406,FALSE,FALSE
"193",193,"BRD-K58826089",NA,"A549","trt_cp","down",-0.360538708966585,2.78518208280181e-05,0.000448055600226982,-1.1223560288073,0,11,102,NA,-83.3678011502403,FALSE,FALSE
"194",194,"flurofamide","51173","A549","trt_cp","down",-0.35989770839516,2.78953392980619e-05,0.000448055600226982,-1.12036059575694,0,11,102,NA,-86.5073268730796,FALSE,FALSE
"195",195,"BCI-hydrochloride","5475586","A549","trt_cp","down",-0.359309442092974,2.79388577681057e-05,0.000448055600226982,-1.11852932434451,0,11,102,"DUSP1; DUSP6",-86.2955959977941,FALSE,FALSE
"196",196,"BRD-K16827616","54664993","A549","trt_cp","down",-0.359196059519773,2.79388577681057e-05,0.000448055600226982,-1.11817636469988,0.0226297705660315,11,102,NA,-84.585992279209,FALSE,FALSE
"197",197,"3-deazaadenosine",NA,"A549","trt_cp","down",-0.358790838205659,2.79388577681057e-05,0.000448055600226982,-1.11691491184174,-0.036415682070175,11,102,NA,-82.4155046088395,FALSE,FALSE
"198",198,"BRD-K55071917","23806752","A549","trt_cp","down",-0.35872005369872,2.79388577681057e-05,0.000448055600226982,-1.11669455986251,0,11,102,NA,-82.7168518080832,FALSE,FALSE
"199",199,"goserelin-acetate",NA,"A549","trt_cp","down",-0.35788161577137,2.79823762381494e-05,0.000448055600226982,-1.11408450485555,0,11,102,NA,-84.8883242732215,TRUE,FALSE
"200",200,"BRD-K53874318",NA,"A549","trt_cp","down",-0.35782035136232,2.79823762381494e-05,0.000448055600226982,-1.11389378891538,0,11,102,NA,-80.3149373670527,FALSE,FALSE
"201",201,"ezetimibe","150311","A549","trt_cp","down",-0.357605207753248,2.79823762381494e-05,0.000448055600226982,-1.11322404744048,-0.0271809583814249,11,102,"ANPEP; APOB; CRP; NPC1L1; SOAT1",-81.427755455763,TRUE,FALSE
"202",202,"amisulpride","2159","A549","trt_cp","down",-0.35734017751766,2.80258947081932e-05,0.000448055600226982,-1.11239900903175,0.021344875180328,11,102,"DRD3; HTR7",-83.3274245647207,TRUE,FALSE
"203",203,"BRD-K52006320","60191375","A549","trt_cp","down",-0.356787121218414,2.80258947081932e-05,0.000448055600226982,-1.11067734626354,0,11,102,NA,-80.2007011738754,FALSE,FALSE
"204",204,"BRD-K92301463",NA,"A549","trt_cp","down",-0.356208892637427,2.81782093533464e-05,0.000448055600226982,-1.10887732225014,0.560119693362601,11,102,NA,-82.8478295123296,FALSE,FALSE
"205",205,"ciglitazone","2750","A549","trt_cp","down",-0.356201394343381,2.81782093533464e-05,0.000448055600226982,-1.10885398008099,0,11,102,"INS; PPARG",-80.8240762625069,FALSE,FALSE
"206",206,"voriconazole","71616","A549","trt_cp","down",-0.356102128047844,2.81782093533464e-05,0.000448055600226982,-1.10854496437066,0,11,102,"CYP2C9; CYP46A1; CYP51A1",-81.0082328842669,TRUE,FALSE
"207",207,"BRD-K73275626",NA,"A549","trt_cp","down",-0.35588724681729,2.81782093533464e-05,0.000448055600226982,-1.10787603967938,0,11,102,NA,-82.8507838966359,FALSE,FALSE
"208",208,"D-64406","5330535","A549","trt_cp","down",-0.355132035712138,2.83087647634778e-05,0.000448055600226982,-1.1055250695455,0,11,102,"FLT3; PDGFRA; PDGFRB",-80.3198613408966,FALSE,FALSE
"209",209,"BRD-K00540336","54666615","A549","trt_cp","down",-0.354965944922051,2.83087647634778e-05,0.000448055600226982,-1.10500802936383,-0.0231288830731509,11,102,NA,-81.1510281257386,FALSE,FALSE
"210",210,"BRD-K23319301","71758969","A549","trt_cp","down",-0.354834937195076,2.83087647634778e-05,0.000448055600226982,-1.10460020266302,0,11,102,NA,-84.9986212873237,FALSE,FALSE
"211",211,"nikethamide",NA,"A549","trt_cp","down",-0.354355544101633,2.83958017035653e-05,0.000448055600226982,-1.10310785325583,-0.0292623068620483,11,102,NA,-84.9828645710234,FALSE,FALSE
"212",212,"phenamil","135403792","A549","trt_cp","down",-0.353315522670645,2.85481163487185e-05,0.000448055600226982,-1.09987026934563,-0.0160206147619222,11,102,"PKD2L1",-81.3125344678169,FALSE,FALSE
"213",213,"BRD-K82927587","54652720","A549","trt_cp","down",-0.353234567900272,2.85481163487185e-05,0.000448055600226982,-1.09961825736375,-0.017219692670803,11,102,NA,-80.7876388560624,FALSE,FALSE
"214",214,"BRD-A68061604","21422218","A549","trt_cp","down",-0.35230000632081,2.8656912523828e-05,0.000448055600226982,-1.09670896968696,-0.0109670896968697,11,102,NA,-81.6641062002679,FALSE,FALSE
"215",215,"ZSTK-474","11647372","A549","trt_cp","down",-0.351295043003984,2.88745048740469e-05,0.000448055600226982,-1.0935805215916,0,11,102,"PIK3CA; PIK3CB; PIK3CD; PIK3CG",-84.1891199873946,FALSE,FALSE
"216",216,"BRD-K52099002","44487484","A549","trt_cp","down",-0.350981228116801,2.88745048740469e-05,0.000448055600226982,-1.09260361669402,-0.680383806310151,11,102,NA,-83.5411250295438,FALSE,FALSE
"217",217,"BRD-K95673125","44497048","A549","trt_cp","down",-0.350362241258947,2.9048578754222e-05,0.000448055600226982,-1.09067671227464,-0.0109067671227464,11,102,NA,-82.5868588986055,FALSE,FALSE
"218",218,"BRD-K97697439",NA,"A549","trt_cp","down",-0.347794688504025,2.97013558048787e-05,0.000448055600226982,-1.08268392747207,0,11,102,NA,-83.2959111321201,FALSE,FALSE
"219",219,"BRD-K18480277",NA,"A549","trt_cp","down",-0.347697941075501,2.97013558048787e-05,0.000448055600226982,-1.08238275298795,-1.02318566161542,11,102,NA,-83.8513353817064,FALSE,FALSE
"220",220,"BRD-K21482967","54577524","A549","trt_cp","down",-0.34766726707268,2.97013558048787e-05,0.000448055600226982,-1.08228726489989,-0.0108228726489989,11,102,NA,-83.5982431261325,FALSE,FALSE
"221",221,"HG-9-91-01",NA,"A549","trt_cp","down",-0.347296406369152,2.99407073901195e-05,0.000448055600226982,-1.08113277652984,0,11,102,NA,-82.3898999448515,FALSE,FALSE
"222",222,"BRD-K01070670",NA,"A549","trt_cp","down",-0.346717220344678,2.99407073901195e-05,0.000448055600226982,-1.07932977199745,0,11,102,NA,-81.6197904356732,FALSE,FALSE
"223",223,"BRD-K59253994","60189779","A549","trt_cp","down",-0.346686680169239,2.99407073901195e-05,0.000448055600226982,-1.07923470051366,-0.996319236541873,11,102,NA,-81.3972268179311,FALSE,FALSE
"224",224,"AVA","11719255","A549","trt_cp","down",-0.345166433608885,3.03976513255791e-05,0.000448055600226982,-1.07450217707068,-0.741406502178768,11,102,NA,-80.1416134877492,FALSE,TRUE
"225",225,"mazindol",NA,"A549","trt_cp","down",-0.343881446181065,3.07457990859294e-05,0.000448055600226982,-1.07050201467289,0,11,102,"SLC18A2; SLC6A2; SLC6A3; SLC6A4",-80.1199480028362,FALSE,FALSE
"226",226,"UNC-0638",NA,"A549","trt_cp","down",-0.342968255884343,3.13550576665423e-05,0.000450724515245097,-1.06765925574165,0,11,102,NA,-80.7866540612936,FALSE,FALSE
"227",227,"deoxycorticosterone-acetate","5952","A549","trt_cp","down",-0.34199343590274,3.18990385420895e-05,0.000452712224978048,-1.06462464376755,-0.0286122823930677,11,102,NA,-80.2568344756953,FALSE,FALSE
"228",228,"clomipramine","2801","A549","trt_cp","down",-0.340303551500185,3.3356907288556e-05,0.000461974058061802,-1.05936403817923,0,11,102,"HTR2B; SLC6A2; SLC6A3; SLC6A4",-80.1396438982116,TRUE,FALSE
"229",229,"KM-03949SC","2820381","A549","trt_cp","down",-0.339461183313421,3.43795913345848e-05,0.000469857499660711,-1.05674174828531,-0.0105674174828532,11,102,NA,-81.9654533995115,FALSE,FALSE
"230",230,"BRD-K47869605",NA,"A549","trt_cp","down",-0.337518363643297,3.52499607354604e-05,0.000475165540013486,-1.0506937558911,0,11,102,NA,-82.8399511541795,FALSE,FALSE
"231",231,"ciclesonide",NA,"A549","trt_cp","down",-0.326327703011589,5.94027116097573e-05,0.000691424684514122,-1.01585725952062,0,11,102,"NR3C1; SERPINA6",-80.498109194044,TRUE,FALSE
