"","pert","PCID","cell","type","trend","WTCS","WTCS_Pval","WTCS_FDR","NCS","NCSct","N_upset","N_downset","t_gn_sym","jlf_tau","fda_approved","clinical_trial_LIHC"
"1","WZ-4002","44607530","HEPG2","trt_cp","down",-0.492836368982082,2.20638643121956e-05,0.000219183615724629,-1.60091802825347,-0.104804872716267,62,26,"EGFR; ERBB2",-97.8886000157567,FALSE,FALSE
"2","BRD-K29232285",NA,"HEPG2","trt_cp","down",-0.482524318652802,2.24990490126334e-05,0.000219183615724629,-1.56742060736609,0.0222942172423925,62,26,NA,-99.4908611045458,FALSE,FALSE
"3","BRD-K39143839",NA,"HEPG2","trt_cp","down",-0.479636880266773,2.26296044227647e-05,0.000219183615724629,-1.55804112066706,0.737632197387039,62,26,NA,-99.4928306940834,FALSE,FALSE
"4","BRD-K58499277",NA,"HEPG2","trt_cp","down",-0.466155624970201,2.32388630033776e-05,0.000219183615724629,-1.5142489291688,0,62,26,NA,-98.9836917986292,FALSE,FALSE
"5","BRD-K40918107",NA,"HEPG2","trt_cp","down",-0.465303278297467,2.32823814734214e-05,0.000219183615724629,-1.51148018635561,0,62,26,NA,-99.413062317813,FALSE,FALSE
"6","BRD-K01594626",NA,"HEPG2","trt_cp","down",-0.456183752596656,2.36740477038154e-05,0.000219183615724629,-1.48185653432339,0,62,26,NA,-98.5228078468447,FALSE,FALSE
"7","KIN001-270",NA,"HEPG2","trt_cp","down",-0.455328297563652,2.37175661738592e-05,0.000219183615724629,-1.47907769438606,0.0547509160875423,62,26,NA,-99.4632868510202,FALSE,FALSE
"8","SA-1456508","54657710","HEPG2","trt_cp","down",-0.452537489056853,2.38046031139467e-05,0.000219183615724629,-1.4700120979059,0.822759418368401,62,26,NA,-98.941345623572,FALSE,FALSE
"9","dacarbazine","5351166","HEPG2","trt_cp","down",-0.450598111531912,2.38916400540343e-05,0.000219183615724629,-1.46371226973031,0.867076749163011,62,26,"CYP2E1; PGD; POLA2",-98.9836917986292,TRUE,FALSE
"10","AT1-SHH-09","70680404","HEPG2","trt_cp","down",-0.449258343173971,2.39786769941218e-05,0.000219183615724629,-1.45936019781983,-0.278758177630876,62,26,NA,-98.5553060742141,FALSE,FALSE
"11","BAS-00535043","9592990","HEPG2","trt_cp","down",-0.449040082999002,2.39786769941218e-05,0.000219183615724629,-1.4586512066192,-0.840593658720282,62,26,NA,-96.3365634601749,FALSE,FALSE
"12","AST-1306",NA,"HEPG2","trt_cp","down",-0.447165966583739,2.40657139342094e-05,0.000219183615724629,-1.45256337109189,-0.867890771028052,62,26,NA,-95.9347671945167,FALSE,FALSE
"13","ALW-II-38-3","24880028","HEPG2","trt_cp","down",-0.431219509676368,2.47620094549098e-05,0.000219183615724629,-1.40076327686892,-0.0696821889789698,62,26,"DDR1; EPHA2; EPHA4; EPHB2; EPHB4; EPHB6",-97.0091782872449,FALSE,FALSE
"14","ZM-447439","9914412","HEPG2","trt_cp","down",-0.430929987090674,2.47620094549098e-05,0.000219183615724629,-1.39982279853535,-0.735188601281489,62,26,"AURKA; AURKB",-95.817576617033,FALSE,FALSE
"15","AT-7519","11338033","HEPG2","trt_cp","down",-0.430562344803238,2.47620094549098e-05,0.000219183615724629,-1.39862855800655,-1.13566923529073,62,26,"CDK1; CDK2; CDK4; CDK5; CDK6; CDK9",-96.5364767982352,FALSE,FALSE
"16","benzyl-alcohol",NA,"HEPG2","trt_cp","down",-0.430364384408464,2.48055279249536e-05,0.000219183615724629,-1.39798550813276,-1.39798550813276,62,26,NA,-97.3075711021823,FALSE,FALSE
"17","MW-MITF10",NA,"HEPG2","trt_cp","down",-0.430304112079318,2.48055279249536e-05,0.000219183615724629,-1.3977897209214,0,62,26,NA,-97.8876152209879,FALSE,FALSE
"18","PD-198306","9956637","HEPG2","trt_cp","down",-0.428954286450525,2.48490463949974e-05,0.000219183615724629,-1.39340497920968,-1.02295438363683,62,26,"MAP2K1; MAP2K2; MAPK3",-94.9322461199086,FALSE,FALSE
"19","BRD-K47533918","54654288","HEPG2","trt_cp","down",-0.428888405461855,2.48490463949974e-05,0.000219183615724629,-1.39319097296111,-1.20314657251407,62,26,NA,-96.3139131804932,FALSE,FALSE
"20","chelerythrine",NA,"HEPG2","trt_cp","down",-0.427800134393021,2.48925648650412e-05,0.000219183615724629,-1.38965585890831,-1.09375111689791,62,26,NA,-95.7712912629008,FALSE,FALSE
"21","emetine","10219","HEPG2","trt_cp","down",-0.427120716039314,2.4936083335085e-05,0.000219183615724629,-1.38744885236489,-1.24766519666079,62,26,"MRPS7; RPS11; RPS12; RPS13; RPS14; RPS15; RPS15A; RPS16; RPS19; RPS2; RPS20; RPS21; RPS23; RPS24; RPS25; RPS27; RPS27L; RPS28; RPS29; RPS3; RPS3A; RPS5; RPS6; RPS7; RPS8; RPSA; RPSAP58; RSRC1",-97.8945087843693,FALSE,FALSE
"22","KUC111774N","12387471","HEPG2","trt_cp","down",-0.42516654770917,2.50231202751725e-05,0.000219183615724629,-1.3811009780868,-1.03901456973626,62,26,NA,-94.609233435752,FALSE,FALSE
"23","3-Cl-AHPC",NA,"HEPG2","trt_cp","down",-0.422907551308022,2.51101572152601e-05,0.000219183615724629,-1.37376290749792,-1.09149461989214,62,26,NA,-92.9262191759237,FALSE,FALSE
"24","everolimus","6442177","HEPG2","trt_cp","down",-0.422760063633316,2.51101572152601e-05,0.000219183615724629,-1.37328381201666,-1.05142880527304,62,26,"CYP3A5; FKBP1A; MTOR",-97.8757976837627,TRUE,TRUE
"25","diallyl-phthalate",NA,"HEPG2","trt_cp","down",-0.41753931053091,2.5327749565479e-05,0.000219183615724629,-1.35632484086775,-1.35632484086775,62,26,NA,-96.9569841645001,FALSE,FALSE
"26","PIK-93",NA,"HEPG2","trt_cp","down",-0.417487448203439,2.53712680355227e-05,0.000219183615724629,-1.35615637250733,0,62,26,"PI4KB; PIK3C3; RAB11A; RAB11FIP3",-94.4664381942803,FALSE,FALSE
"27","CGP-60474","644215","HEPG2","trt_cp","down",-0.41713838361434,2.53712680355227e-05,0.000219183615724629,-1.35502247933531,-1.13123919201357,62,26,"CDK1; CDK2",-93.2856692665248,FALSE,FALSE
"28","BRD-K87075995",NA,"HEPG2","trt_cp","down",-0.414083105806769,2.55018234456541e-05,0.000219183615724629,-1.34509778702097,-1.34509778702097,62,26,NA,-95.6797053494052,FALSE,FALSE
"29","BRD-K21626096",NA,"HEPG2","trt_cp","down",-0.414003201377144,2.55018234456541e-05,0.000219183615724629,-1.34483822735781,-0.81398282830681,62,26,NA,-93.790868982904,FALSE,FALSE
"30","AT-9283","11696609","HEPG2","trt_cp","down",-0.413007855154096,2.55453419156978e-05,0.000219183615724629,-1.34160496818069,-0.885769932954789,62,26,"ABL1; AURKA; AURKB; BCR; FLT3; JAK2; RPS6KA6; STK17A",-93.7839754195226,FALSE,FALSE
"31","GSK-2334470",NA,"HEPG2","trt_cp","down",-0.412140519079284,2.55888603857416e-05,0.000219183615724629,-1.33878753414759,-1.05080547193524,62,26,NA,-92.0832348538565,FALSE,FALSE
"32","GSK-1059615","23658330","HEPG2","trt_cp","down",-0.411016372011517,2.56323788557854e-05,0.000219183615724629,-1.33513588134665,-0.889967831150709,62,26,"PIK3CA; PIK3CG",-95.6186480737414,FALSE,FALSE
"33","OSI-027","72698550","HEPG2","trt_cp","down",-0.410534421805553,2.56323788557854e-05,0.000219183615724629,-1.33357032567339,-1.01273150282303,62,26,"MTOR",-94.3915937918538,FALSE,FALSE
"34","genistein","5284639","HEPG2","trt_cp","down",-0.410208612753198,2.56758973258292e-05,0.000219183615724629,-1.33251197523801,-0.0439906693902284,62,26,"AKT1; CFTR; CYP1B1; EGFR; ESR1; ESR2; ESRRA; ESRRB; ESRRG; GPER1; NCOA1; NCOA2; NR1I2; PPARG; PTK2B; SHBG; TOP2A; TRPC5; TTR",-97.3893090679902,FALSE,FALSE
"35","NVP-BHG712",NA,"HEPG2","trt_cp","down",-0.409050643527482,2.5719415795873e-05,0.000219183615724629,-1.32875045533752,-0.855241912885083,62,26,NA,-92.6071456708422,FALSE,FALSE
"36","BIBR-1532",NA,"HEPG2","trt_cp","down",-0.408530293124128,2.5719415795873e-05,0.000219183615724629,-1.32706016136944,0,62,26,NA,-91.4805404553691,FALSE,FALSE
"37","NP-010914",NA,"HEPG2","trt_cp","down",-0.408167774983613,2.57629342659167e-05,0.000219183615724629,-1.32588256599855,-0.776503492919065,62,26,NA,-94.3374300795714,FALSE,FALSE
"38","BRD-K42197878","44484270","HEPG2","trt_cp","down",-0.40792795849594,2.57629342659167e-05,0.000219183615724629,-1.32510355178055,-0.807737054467577,62,26,NA,-95.0061057275664,FALSE,FALSE
"39","MW-SHH-61","70680406","HEPG2","trt_cp","down",-0.407549230809527,2.57629342659167e-05,0.000219183615724629,-1.32387330170337,-0.939495166120623,62,26,NA,-92.890766564248,FALSE,FALSE
"40","BRD-K26641843",NA,"HEPG2","trt_cp","down",-0.406920590325118,2.58064527359605e-05,0.000219183615724629,-1.32183124079204,-0.927155969925641,62,26,NA,-97.5311195146931,FALSE,FALSE
"41","fenretinide","5353342","HEPG2","trt_cp","down",-0.406586779373339,2.58064527359605e-05,0.000219183615724629,-1.32074689717544,0,62,26,"CYP2C8; CYP3A5; RARA; RARG; RBP4",-92.2634522965414,FALSE,FALSE
"42","GDC-0879","11717001","HEPG2","trt_cp","down",-0.406474192114636,2.58499712060043e-05,0.000219183615724629,-1.32038117138174,0,62,26,"BRAF; RAF1",-94.8987630977704,FALSE,FALSE
"43","BRD-K02010139",NA,"HEPG2","trt_cp","down",-0.406231991885797,2.58499712060043e-05,0.000219183615724629,-1.3195944138752,-0.462641698646338,62,26,NA,-93.5052784999606,FALSE,FALSE
"44","BRD-K18710049","54618864","HEPG2","trt_cp","down",-0.405740450723314,2.58499712060043e-05,0.000219183615724629,-1.31799770316517,-0.448119219076156,62,26,NA,-89.5178444812101,FALSE,FALSE
"45","BRD-K45033698",NA,"HEPG2","trt_cp","down",-0.405412144677887,2.58934896760481e-05,0.000219183615724629,-1.31693124155643,-1.12578827638579,62,26,NA,-96.7107854723076,FALSE,FALSE
"46","AZD-4547",NA,"HEPG2","trt_cp","down",-0.405024071308037,2.58934896760481e-05,0.000219183615724629,-1.31567063318176,-0.823426781690367,62,26,"FGFR2",-90.7842905538486,FALSE,FALSE
"47","BRD-K42573370",NA,"HEPG2","trt_cp","down",-0.403503358846436,2.59370081460919e-05,0.000219183615724629,-1.3107307867159,-1.31286636320625,62,26,NA,-91.8685495942646,FALSE,FALSE
"48","BRD-K56634255",NA,"HEPG2","trt_cp","down",-0.402826019401064,2.59805266161356e-05,0.000219183615724629,-1.30853053324925,0,62,26,NA,-96.5453399511542,FALSE,FALSE
"49","BRD-K02781692",NA,"HEPG2","trt_cp","down",-0.402340254566136,2.60240450861794e-05,0.000219183615724629,-1.3069525862253,0.74495982726225,62,26,NA,-94.4949972425747,FALSE,FALSE
"50","OTS-167",NA,"HEPG2","trt_cp","down",-0.401752739974011,2.60240450861794e-05,0.000219183615724629,-1.30504411769174,-1.16207983215527,62,26,NA,-95.9928700858741,FALSE,FALSE
"51","BRD-K46123637","54618962","HEPG2","trt_cp","down",-0.399076235976954,2.61546004963107e-05,0.000219183615724629,-1.29634982528303,-0.440758940596229,62,26,NA,-91.9936185298984,FALSE,FALSE
"52","BRD-K36111658","855012","HEPG2","trt_cp","down",-0.397510514868817,2.61981189663545e-05,0.000219183615724629,-1.29126377379212,0.959781916907179,62,26,NA,-92.3501142361932,FALSE,FALSE
"53","BRD-K78679331",NA,"HEPG2","trt_cp","down",-0.396308823755756,2.62851559064421e-05,0.000219183615724629,-1.28736022874478,-1.28736022874478,62,26,NA,-94.0971401559915,FALSE,FALSE
"54","BRD-K28174705",NA,"HEPG2","trt_cp","down",-0.396148738214943,2.62851559064421e-05,0.000219183615724629,-1.2868402106526,-0.542420431669948,62,26,NA,-94.4171984558418,FALSE,FALSE
"55","nintedanib","9809715","HEPG2","trt_cp","down",-0.395702297650283,2.62851559064421e-05,0.000219183615724629,-1.28539000366,-0.795694445160578,62,26,"AAK1; ALK; AXL; BMP2K; BMPR2; CDK16; CDK17; CLK1; CLK4; DDR1; DDR2; FER; FGFR2; FGFR3; FLT1; FLT3; FLT4; GRK4; INSR; INSRR; IRAK1; KDR; LCK; LRRK2; LYN; MAP2K1; MAP2K2; MAP2K5; MAP3K19; MAP3K2; MAP3K3; MAP3K7; MAP4K1; MELK; MERTK; MINK1; MST4; NTRK1; NTRK2; NTRK3; NUAK2; PDGFRA; PIP4K2B; PIP5K1A; PLK4; PRKAA1; PRKAA2; PRKG1; PRPF4B; PTK2B; RET; RIOK1; RIOK3; RPS6KA2; RPS6KA3; SLK; SRC; SRPK1; SRPK2; SRPK3; STK10; STK11; STK16; STK3; STK4; TNIK; TTK; TYK2; ULK3; YES1",-94.0331284960214,TRUE,TRUE
"56","BRD-K03707297",NA,"HEPG2","trt_cp","down",-0.394206717032113,2.63721928465296e-05,0.000219183615724629,-1.28053179488113,-1.04483798568644,62,26,NA,-93.5643661860868,FALSE,FALSE
"57","BRD-K55630925",NA,"HEPG2","trt_cp","down",-0.393413470199559,2.64157113165734e-05,0.000219183615724629,-1.2779550305938,-0.680719487380295,62,26,NA,-93.2718821397621,FALSE,FALSE
"58","BRD-A70731303",NA,"HEPG2","trt_cp","down",-0.393230846297872,2.64157113165734e-05,0.000219183615724629,-1.27736179942216,-1.29524113492579,62,26,NA,-86.7742062554164,FALSE,FALSE
"59","arctigenin","64981","HEPG2","trt_cp","down",-0.391419946470168,2.6502748256661e-05,0.000219183615724629,-1.27147931516573,0,62,26,"ADIPOR1; AHR; CHUK; MAP2K1",-93.5318679587174,FALSE,FALSE
"60","BRD-K50324045",NA,"HEPG2","trt_cp","down",-0.391319583931725,2.6502748256661e-05,0.000219183615724629,-1.27115329986477,-1.19777553331481,62,26,NA,-94.2084219648625,FALSE,FALSE
"61","BRD-K63423329","54666687","HEPG2","trt_cp","down",-0.391039583715576,2.6502748256661e-05,0.000219183615724629,-1.27024375377167,0.798227498747173,62,26,NA,-93.1103757976838,FALSE,FALSE
"62","DBeQ",NA,"HEPG2","trt_cp","down",-0.389916574786723,2.65462667267047e-05,0.000219183615724629,-1.26659579807432,-0.847125446967892,62,26,NA,-86.1685574726227,FALSE,FALSE
"63","BRD-K60738705",NA,"HEPG2","trt_cp","down",-0.38974383537281,2.65462667267047e-05,0.000219183615724629,-1.26603467543944,-0.576157265352668,62,26,NA,-92.7745607815331,FALSE,FALSE
"64","BRD-K87125912","54666674","HEPG2","trt_cp","down",-0.388883761087172,2.65897851967485e-05,0.000219183615724629,-1.26324083043089,-0.0254171563013747,62,26,NA,-90.8000472701489,FALSE,FALSE
"65","BRD-K24572125",NA,"HEPG2","trt_cp","down",-0.388528840048328,2.65897851967485e-05,0.000219183615724629,-1.26208791330575,-1.09963791778171,62,26,NA,-91.4884188135193,FALSE,FALSE
"66","BRD-K69406317","44617510","HEPG2","trt_cp","down",-0.388338631443508,2.66333036667923e-05,0.000219183615724629,-1.26147004416347,-0.0418370153487535,62,26,NA,-85.6288899393366,FALSE,FALSE
"67","itraconazole","3793","HEPG2","trt_cp","down",-0.386666865335287,2.66768221368361e-05,0.000219183615724629,-1.25603951859735,-0.783864815638097,62,26,"ABCB1; CYP3A5; CYP3A7; CYP51A1; KDR",-91.2835815016151,TRUE,FALSE
"68","BRD-A92561457",NA,"HEPG2","trt_cp","down",-0.385739467092908,2.67203406068799e-05,0.000219183615724629,-1.25302698003681,-1.25302698003681,62,26,NA,-89.1495312376901,FALSE,FALSE
"69","tamoxifen","2733526","HEPG2","trt_cp","down",-0.385389112579523,2.67638590769236e-05,0.000219183615724629,-1.25188889670518,-0.774410465193097,62,26,"ABCB1; ABCG2; AR; BGLAP; CCND1; CTSD; CYP2C9; CYP3A5; EBP; EBPL; ERBB2; ESR1; ESR2; ESRRG; FMO1; FMO2; FMO3; FMO4; FMO5; GPER1; IGFBP5; KCNH2; NCOR1; NCOR2; NR1I2; ODC1; PRKCA; PRKCB; PRKCE; PRKCG; PRKCI; PRKCZ; SHBG; TGFA; UGT1A4",-93.280745292681,TRUE,TRUE
"70","BRD-K63750851",NA,"HEPG2","trt_cp","down",-0.385105526504019,2.67638590769236e-05,0.000219183615724629,-1.25096770239119,-0.768989202251632,62,26,NA,-83.6169542267392,FALSE,FALSE
"71","dabrafenib","44462760","HEPG2","trt_cp","down",-0.384071711011667,2.68073775469674e-05,0.000219183615724629,-1.24760948054767,0.936517677991938,62,26,"BRAF; LIMK1; NEK11; RAF1; SIK1; SIK1B",-90.623769006539,TRUE,FALSE
"72","BRD-K10211010","54657602","HEPG2","trt_cp","down",-0.383446118464219,2.68508960170112e-05,0.000219183615724629,-1.24557732048282,-0.493100005453616,62,26,NA,-89.7778303001654,FALSE,FALSE
"73","5-iodotubercidin","1830","HEPG2","trt_cp","down",-0.382696023026893,2.68508960170112e-05,0.000219183615724629,-1.24314072816922,-1.27979251553469,62,26,"ADK; CSNK1G2; DOT1L; GSG2; HASPIN; LRRK2; MAPK3",-87.4468210824864,FALSE,FALSE
"74","BRD-K12244279",NA,"HEPG2","trt_cp","down",-0.382677711224726,2.68508960170112e-05,0.000219183615724629,-1.24308124454329,-0.825184959748134,62,26,NA,-88.9643898211613,FALSE,FALSE
"75","SAR-245408","52914932","HEPG2","trt_cp","down",-0.382128673376923,2.6894414487055e-05,0.000219183615724629,-1.24129776295779,-0.911984804195333,62,26,NA,-92.8405420310407,FALSE,FALSE
"76","SAR-245409","49867926","HEPG2","trt_cp","down",-0.381765111825879,2.6894414487055e-05,0.000219183615724629,-1.24011677819677,0,62,26,NA,-93.9986606791145,FALSE,FALSE
"77","BRD-K04472231",NA,"HEPG2","trt_cp","down",-0.381644222433087,2.6894414487055e-05,0.000219183615724629,-1.23972408394666,-1.08764340809828,62,26,NA,-81.9713621681242,FALSE,FALSE
"78","ENMD-2076","16041424","HEPG2","trt_cp","down",-0.38083312119762,2.69379329570988e-05,0.000219183615724629,-1.23708932183833,-0.93611350511313,62,26,"AURKA; CSF1R; EPHA1; FGFR2; FGFR3; FLT3; FLT4; KDR; KIT; PDGFRA; PTK2; SRC",-89.0323406602064,FALSE,FALSE
"79","BRD-K82814298",NA,"HEPG2","trt_cp","down",-0.380256203250329,2.69814514271425e-05,0.000219183615724629,-1.23521527519573,-0.633268298315359,62,26,NA,-90.6070274954699,FALSE,FALSE
"80","BRD-K84165644",NA,"HEPG2","trt_cp","down",-0.380197048025295,2.69814514271425e-05,0.000219183615724629,-1.23502311675901,0.0279206870152146,62,26,NA,-93.35362010557,FALSE,FALSE
"81","HG-9-91-01",NA,"HEPG2","trt_cp","down",-0.379301301588727,2.70249698971863e-05,0.000219183615724629,-1.23211339517737,-0.789879111346788,62,26,NA,-90.2465926101001,FALSE,FALSE
"82","MLN-0128",NA,"HEPG2","trt_cp","down",-0.37797061199782,2.70684883672301e-05,0.000219183615724629,-1.22779081451943,-1.04022994831651,62,26,NA,-88.1322382415505,FALSE,FALSE
"83","BRD-K51674646","24002878","HEPG2","trt_cp","down",-0.377348613950027,2.71120068372739e-05,0.000219183615724629,-1.22577033074242,-0.416761912452421,62,26,NA,-92.1206570550697,FALSE,FALSE
"84","BRD-K74587389",NA,"HEPG2","trt_cp","down",-0.376734930525574,2.71120068372739e-05,0.000219183615724629,-1.22377685599161,-0.950651546175202,62,26,NA,-88.3419995272985,FALSE,FALSE
"85","BRD-K33217566",NA,"HEPG2","trt_cp","down",-0.375139310597983,2.71990437773614e-05,0.000219183615724629,-1.21859368188131,-0.782543593267767,62,26,NA,-91.7385566847869,FALSE,FALSE
"86","HG-5-113-01","25226483","HEPG2","trt_cp","down",-0.374668499298562,2.71990437773614e-05,0.000219183615724629,-1.21706430956915,-1.11697511242274,62,26,"ABL1; LTK; STK10",-90.3677223666588,FALSE,FALSE
"87","BRD-K35860134","54646517","HEPG2","trt_cp","down",-0.374659540360158,2.71990437773614e-05,0.000219183615724629,-1.2170352075651,0.889280286489085,62,26,NA,-91.0915465217049,FALSE,FALSE
"88","A-66",NA,"HEPG2","trt_cp","down",-0.373583247674288,2.72425622474052e-05,0.000219183615724629,-1.21353900380877,-1.02801450739472,62,26,NA,-89.8605530607421,FALSE,FALSE
"89","tacedinaline","2746","HEPG2","trt_cp","down",-0.373120966568573,2.7286080717449e-05,0.000219183615724629,-1.2120373407765,-1.29856057857363,62,26,"HDAC1",-92.0458126526432,FALSE,FALSE
"90","BRD-K74260000",NA,"HEPG2","trt_cp","down",-0.372358820179883,2.73295991874928e-05,0.000219183615724629,-1.20956160243693,0.759276281582064,62,26,NA,-81.9821949105806,FALSE,FALSE
"91","BRD-K23607904",NA,"HEPG2","trt_cp","down",-0.371635520870318,2.73295991874928e-05,0.000219183615724629,-1.20721205403226,-0.92120169558608,62,26,NA,-90.6424801071457,FALSE,FALSE
"92","BRD-K67269534",NA,"HEPG2","trt_cp","down",-0.371075598337743,2.73731176575365e-05,0.000219183615724629,-1.20539321489368,-0.776454565503046,62,26,NA,-89.7876782478531,FALSE,FALSE
"93","SA-1922257","54666566","HEPG2","trt_cp","down",-0.371021831769699,2.73731176575365e-05,0.000219183615724629,-1.20521856084313,0.250221011187617,62,26,NA,-89.1337745213897,FALSE,FALSE
"94","BRD-K61331723",NA,"HEPG2","trt_cp","down",-0.370938242301103,2.73731176575365e-05,0.000219183615724629,-1.20494703078636,-1.20494703078636,62,26,NA,-90.4041597731033,FALSE,FALSE
"95","BMS-754807","24785538","HEPG2","trt_cp","down",-0.370234721985736,2.74166361275803e-05,0.000219183615724629,-1.20266173199959,-0.866266853620381,62,26,"AKT1; IGF1R",-87.6555975734657,FALSE,FALSE
"96","BRD-K20497775",NA,"HEPG2","trt_cp","down",-0.368874184198505,2.74601545976241e-05,0.000219183615724629,-1.19824219316523,-0.996483469324401,62,26,NA,-88.7694004569448,FALSE,FALSE
"97","n-nitrosodiethanolamine",NA,"HEPG2","trt_cp","down",-0.368574109323177,2.74601545976241e-05,0.000219183615724629,-1.19726743702309,-1.19726743702309,62,26,NA,-91.0816985740172,FALSE,FALSE
"98","BRD-K79947405","44619125","HEPG2","trt_cp","down",-0.368330731957516,2.75036730676679e-05,0.000219183615724629,-1.19647685573307,-1.19678405570142,62,26,NA,-87.2055463641377,FALSE,FALSE
"99","BRD-A60363637",NA,"HEPG2","trt_cp","down",-0.367821157856351,2.75036730676679e-05,0.000219183615724629,-1.19482156725067,-1.19482156725067,62,26,NA,-87.1415347041677,FALSE,FALSE
"100","endosulfan",NA,"HEPG2","trt_cp","down",-0.367509273117757,2.75036730676679e-05,0.000219183615724629,-1.19380844822744,-1.19380844822744,62,26,"GABRB3",-91.485464429213,FALSE,FALSE
"101","BRD-K41520144",NA,"HEPG2","trt_cp","down",-0.367200497117633,2.75471915377116e-05,0.000219183615724629,-1.19280542755689,0.796915698603431,62,26,NA,-90.5518789884188,FALSE,FALSE
"102","masitinib","10074640","HEPG2","trt_cp","down",-0.366875152349024,2.75471915377116e-05,0.000219183615724629,-1.19174858528987,0,62,26,"DDR1; DDR2; FGFR3; KIT; LYN; PDGFRA; PDGFRB",-86.2512802331994,FALSE,FALSE
"103","BRD-K87126403",NA,"HEPG2","trt_cp","down",-0.366579225711984,2.75471915377116e-05,0.000219183615724629,-1.19078730418706,-0.740487830421316,62,26,NA,-89.1505160324588,FALSE,FALSE
"104","AZD-9291",NA,"HEPG2","trt_cp","down",-0.366523492088003,2.75471915377116e-05,0.000219183615724629,-1.19060626039844,-1.03268753353819,62,26,NA,-86.0139446939258,FALSE,FALSE
"105","BRD-K99636700","NotFound","HEPG2","trt_cp","down",-0.366282104239195,2.75907100077554e-05,0.000219183615724629,-1.18982214180802,-1.23434463429359,62,26,NA,-91.4086504372489,FALSE,FALSE
"106","BRD-K52785744","54650184","HEPG2","trt_cp","down",-0.365431576647578,2.76342284777992e-05,0.000219183615724629,-1.18705930805498,-0.87994474598063,62,26,NA,-90.2446230205625,FALSE,FALSE
"107","WZ-3105","42628507","HEPG2","trt_cp","down",-0.364933363159097,2.76342284777992e-05,0.000219183615724629,-1.18544092311867,-1.18056099644599,62,26,NA,-90.0191050185141,FALSE,FALSE
"108","acetohexamide","1989","HEPG2","trt_cp","down",-0.363864393399724,2.77212654178868e-05,0.000219183615724629,-1.18196850698393,-0.942879387510711,62,26,"DCXR; KCNJ1; KCNJ10",-87.7333963601985,FALSE,FALSE
"109","BRD-K33218695",NA,"HEPG2","trt_cp","down",-0.363284965592139,2.77647838879305e-05,0.000219183615724629,-1.18008630737039,-0.999351041887008,62,26,NA,-81.843338848184,FALSE,FALSE
"110","AZD-7762","67077825","HEPG2","trt_cp","down",-0.36301605575662,2.77647838879305e-05,0.000219183615724629,-1.17921278700796,-1.07468816646349,62,26,"CHEK1; CHEK2",-88.5399432758213,FALSE,FALSE
"111","sirolimus","73707374","HEPG2","trt_cp","down",-0.362908610753345,2.77647838879305e-05,0.000219183615724629,-1.17886376519541,-1.02994197174781,62,26,"CCR5; FGF2; FKBP1A; MTOR",-81.8837154337036,TRUE,TRUE
"112","XMD-1150","46843906","HEPG2","trt_cp","down",-0.36248679540014,2.78083023579743e-05,0.000219183615724629,-1.17749355015845,0,62,26,"LRRK2",-81.4582840935949,FALSE,FALSE
"113","BRD-K89386994",NA,"HEPG2","trt_cp","down",-0.362127700756742,2.78083023579743e-05,0.000219183615724629,-1.17632707559479,-0.957158215956054,62,26,NA,-84.4106988103679,FALSE,FALSE
"114","BRD-K48249415",NA,"HEPG2","trt_cp","down",-0.361431549437254,2.78518208280181e-05,0.000219183615724629,-1.17406571408029,0,62,26,NA,-87.4468210824864,FALSE,FALSE
"115","PD-184352","6918454","HEPG2","trt_cp","down",-0.360822072283644,2.78518208280181e-05,0.000219183615724629,-1.1720859028804,0,62,26,"MAP2K1; MAP2K2; MAP3K1; MAP3K2",-89.3258095012999,FALSE,FALSE
"116","Ro-106-9920",NA,"HEPG2","trt_cp","down",-0.360698626883901,2.78518208280181e-05,0.000219183615724629,-1.17168490575764,0.972930357343642,62,26,NA,-89.6094303947058,FALSE,FALSE
"117","BRD-K03568952",NA,"HEPG2","trt_cp","down",-0.360647900199272,2.78518208280181e-05,0.000219183615724629,-1.17152012639263,-0.543770465857784,62,26,NA,-86.694437879146,FALSE,FALSE
"118","BRD-K65603160",NA,"HEPG2","trt_cp","down",-0.360449030529674,2.78953392980619e-05,0.000219183615724629,-1.17087412285196,-0.410706586780058,62,26,NA,-87.9648231308595,FALSE,FALSE
"119","SA-1459830","54657755","HEPG2","trt_cp","down",-0.36035571353071,2.78953392980619e-05,0.000219183615724629,-1.17057099411515,-0.727286685411198,62,26,NA,-85.5441975892224,FALSE,FALSE
"120","PFI-1",NA,"HEPG2","trt_cp","down",-0.359690468850362,2.78953392980619e-05,0.000219183615724629,-1.16841002899773,0,62,26,"BRD4",-92.0940675963129,FALSE,FALSE
"121","chloroform",NA,"HEPG2","trt_cp","down",-0.359349818843049,2.79388577681057e-05,0.000219183615724629,-1.16730346955456,-1.16730346955456,62,26,"CYP2E1",-89.3661860868195,FALSE,FALSE
"122","AZD-8055","25262965","HEPG2","trt_cp","down",-0.359263808260215,2.79388577681057e-05,0.000219183615724629,-1.16702407480745,-1.20727935285091,62,26,"MTOR",-80.498109194044,FALSE,FALSE
"123","BRD-K79260832",NA,"HEPG2","trt_cp","down",-0.358388783890674,2.79823762381494e-05,0.000219183615724629,-1.16418166629922,-0.929235438653591,62,26,NA,-87.6851414165288,FALSE,FALSE
"124","AZD-5438","16747683","HEPG2","trt_cp","down",-0.358204034334555,2.79823762381494e-05,0.000219183615724629,-1.16358153020189,-1.1190009497986,62,26,NA,-91.4726620972189,FALSE,FALSE
"125","BRD-K61953981",NA,"HEPG2","trt_cp","down",-0.358051828357285,2.79823762381494e-05,0.000219183615724629,-1.16308710789795,-0.495763238668513,62,26,NA,-87.4773497203183,FALSE,FALSE
"126","BRD-K35002913",NA,"HEPG2","trt_cp","down",-0.35798931192402,2.79823762381494e-05,0.000219183615724629,-1.16288403099175,0,62,26,NA,-88.7851571732451,FALSE,FALSE
"127","BRD-K31931379","54638799","HEPG2","trt_cp","down",-0.357778418541493,2.79823762381494e-05,0.000219183615724629,-1.1621989699058,0.837303375810827,62,26,NA,-86.9573780824076,FALSE,FALSE
"128","BRD-K08460070",NA,"HEPG2","trt_cp","down",-0.357125852745167,2.80258947081932e-05,0.000219183615724629,-1.16007919057597,-0.446363195889055,62,26,NA,-88.0406523280548,FALSE,FALSE
"129","BRD-K99259037","54619273","HEPG2","trt_cp","down",-0.356928509384438,2.80258947081932e-05,0.000219183615724629,-1.15943814506101,-0.991828898941927,62,26,NA,-88.4237374931064,FALSE,FALSE
"130","HG-14-10-04",NA,"HEPG2","trt_cp","down",-0.356705102808548,2.80258947081932e-05,0.000219183615724629,-1.1587124364131,-1.12474431331694,62,26,NA,-85.8199401244781,FALSE,FALSE
"131","BRD-K27452769",NA,"HEPG2","trt_cp","down",-0.356026198500475,2.81782093533464e-05,0.000219183615724629,-1.15650709968339,0.0255437799632889,62,26,NA,-84.367367840542,FALSE,FALSE
"132","Ro-90-7501","824226","HEPG2","trt_cp","down",-0.354462916160073,2.83958017035653e-05,0.000219183615724629,-1.15142897022803,0,62,26,"APP",-88.3567714488301,FALSE,FALSE
"133","clomifene","2800","HEPG2","trt_cp","down",-0.354362959762559,2.83958017035653e-05,0.000219183615724629,-1.15110427422568,0,62,26,"AR; ESR1; SHBG",-86.8441266839991,FALSE,FALSE
"134","cycloheximide","6197","HEPG2","trt_cp","down",-0.353795842849162,2.83958017035653e-05,0.000219183615724629,-1.14926206503025,0,62,26,"GSK3B; RPL3",-88.892499803041,FALSE,FALSE
"135","deguelin","107935","HEPG2","trt_cp","down",-0.353325226687243,2.85481163487185e-05,0.000219183615724629,-1.14773332659814,0,62,26,"AKT1",-87.3877333963602,FALSE,FALSE
"136","beta-carotene",NA,"HEPG2","trt_cp","down",-0.352759639741992,2.85481163487185e-05,0.000219183615724629,-1.14589608731511,-1.14589608731511,62,26,NA,-83.6898290396281,FALSE,FALSE
"137","BRD-A59158939",NA,"HEPG2","trt_cp","down",-0.350434259721108,2.9048578754222e-05,0.000219183615724629,-1.13834237774278,-1.13834237774278,62,26,NA,-88.0308043803671,FALSE,FALSE
"138","BRD-K60756411",NA,"HEPG2","trt_cp","down",-0.350058629886318,2.9048578754222e-05,0.000219183615724629,-1.13712219065369,-0.755835286605931,62,26,NA,-82.2185456550855,FALSE,FALSE
"139","chlorogenic-acid",NA,"HEPG2","trt_cp","down",-0.349916082242113,2.9048578754222e-05,0.000219183615724629,-1.13665914225091,0.85488621762583,62,26,NA,-81.7655400614512,FALSE,FALSE
"140","BRD-K68340318",NA,"HEPG2","trt_cp","down",-0.348914755167655,2.9440244984616e-05,0.000219183615724629,-1.13340645501723,1.10000158212911,62,26,NA,-83.1501615063421,FALSE,FALSE
"141","YM-155","10126189","HEPG2","trt_cp","down",-0.348860130904934,2.9440244984616e-05,0.000219183615724629,-1.13322901485154,-1.19241305793925,62,26,"BIRC5",-86.4472543921847,FALSE,FALSE
"142","BRD-K44928623",NA,"HEPG2","trt_cp","down",-0.348815152766964,2.9440244984616e-05,0.000219183615724629,-1.13308290892981,-1.13308290892981,62,26,NA,-84.7829512329631,FALSE,FALSE
"143","nifedipine","4485","HEPG2","trt_cp","down",-0.348458036822831,2.97013558048787e-05,0.000219183615724629,-1.13192286192614,0,62,26,"ABCG2; CACNA1C; CACNA1D; CACNA1F; CACNA1H; CACNA1S; CACNA2D1; CACNB2; CALM1; CALM2; CALM3; CYP2C9; CYP3A5; EDN1; GLRA1; GLRA3; GLRB; KCNA1; KCNA5; NR1I2; TRPM3",-82.3770976128575,TRUE,FALSE
"144","BRD-K47904921",NA,"HEPG2","trt_cp","down",-0.348370801448604,2.97013558048787e-05,0.000219183615724629,-1.13163948859557,-1.13163948859557,62,26,NA,-83.9143622469077,FALSE,FALSE
"145","BRD-K28513938",NA,"HEPG2","trt_cp","down",-0.347684988070276,2.97013558048787e-05,0.000219183615724629,-1.12941170860513,0.637753540854914,62,26,NA,-82.6528401481131,FALSE,FALSE
"146","BRD-K58698715","1612038","HEPG2","trt_cp","down",-0.347504922333428,2.97013558048787e-05,0.000219183615724629,-1.12882678731576,-0.282341487089995,62,26,NA,-84.8696131726148,FALSE,FALSE
"147","BRD-K16956545","54645915","HEPG2","trt_cp","down",-0.347315145459573,2.99407073901195e-05,0.000219183615724629,-1.12821032059816,0,62,26,NA,-85.7273694162137,FALSE,FALSE
"148","BRD-A05217942",NA,"HEPG2","trt_cp","down",-0.347236391033836,2.99407073901195e-05,0.000219183615724629,-1.12795449658049,-1.12795449658049,62,26,NA,-83.2870479792011,FALSE,FALSE
"149","BRD-K41763142",NA,"HEPG2","trt_cp","down",-0.347144459732656,2.99407073901195e-05,0.000219183615724629,-1.12765586911165,0.649082792885417,62,26,NA,-82.6557945324194,FALSE,FALSE
"150","NSC-95397","262093","HEPG2","trt_cp","down",-0.346796570408169,2.99407073901195e-05,0.000219183615724629,-1.12652579364145,-0.943105177786494,62,26,NA,-81.9093200976916,FALSE,FALSE
"151","emodin","3220","HEPG2","trt_cp","down",-0.34669826760935,2.99407073901195e-05,0.000219183615724629,-1.12620646915008,-0.968504288796386,62,26,"AHR; CSNK2A1",-85.1768691404711,FALSE,FALSE
"152","BRD-K15521652",NA,"HEPG2","trt_cp","down",-0.346691902915714,2.99407073901195e-05,0.000219183615724629,-1.1261857942295,0,62,26,NA,-83.0959977940597,FALSE,FALSE
"153","theophylline","2153","HEPG2","trt_cp","down",-0.346078001819008,3.01582997403383e-05,0.000219183615724629,-1.12419161239728,0,62,26,"ADORA1; ADORA2A; ADORA2B; ADORA3; APOA1BP; CHIA; CPNE1; CYP2E1; CYP3A4; HDAC2; HM13; NOMO1; PARP1; PDE3A; PDE4A; PDE4B; PDE5A; PDXK; RIC3; TTLL3",-82.9916095485701,TRUE,FALSE
"154","apicidin","467801","HEPG2","trt_cp","down",-0.345904384652788,3.01582997403383e-05,0.000219183615724629,-1.12362763849253,-1.00832790579097,62,26,"HDAC1; HDAC10; HDAC11; HDAC2; HDAC3; HDAC4; HDAC5; HDAC6; HDAC7; HDAC8; HDAC9",-88.8422752698338,FALSE,FALSE
"155","SA-1973509","54657693","HEPG2","trt_cp","down",-0.345799682718282,3.01582997403383e-05,0.000219183615724629,-1.12328752719984,-0.0112328752719984,62,26,NA,-85.683053651619,FALSE,FALSE
"156","eugenol","3314","HEPG2","trt_cp","down",-0.345007631780386,3.03976513255791e-05,0.000219183615724629,-1.12071464762848,0,62,26,"AR; ESR2; MAOA; TRPV3",-87.6211297565587,FALSE,FALSE
"157","BRD-K95948192",NA,"HEPG2","trt_cp","down",-0.344981949397234,3.03976513255791e-05,0.000219183615724629,-1.12063122158125,-0.750822918459438,62,26,NA,-84.3732766091547,FALSE,FALSE
"158","atorvastatin","2250","HEPG2","trt_cp","down",-0.344619756965046,3.03976513255791e-05,0.000219183615724629,-1.1194546842336,-0.843375242429264,62,26,"AHR; APOA1; APOB; APOE; CCL2; CD40LG; CETP; CRP; CYP3A5; DPP4; FASLG; HMGCR; IL6; LDLR; LPL; MTTP; PON1; RHOA; SERPINE1; SLCO1B1; VCAM1",-80.682265815804,TRUE,TRUE
"159","triciribine","16759157","HEPG2","trt_cp","down",-0.344096404168206,3.07457990859294e-05,0.000219183615724629,-1.1177546373614,-0.294955971187644,62,26,"AKT1; AKT2; AKT3",-86.0818955329709,FALSE,FALSE
"160","toremifene","3005573","HEPG2","trt_cp","down",-0.343287892016106,3.13550576665423e-05,0.000219648468821993,-1.11512828557037,0,62,26,"CYP3A5; ESR1; SHBG",-84.5397069250768,TRUE,FALSE
"161","BRD-K94489270",NA,"HEPG2","trt_cp","down",-0.342938009311201,3.13550576665423e-05,0.000219648468821993,-1.11399173485027,0,62,26,NA,-80.7738517292996,FALSE,FALSE
"162","BS-181",NA,"HEPG2","trt_cp","down",-0.3422090677146,3.18990385420895e-05,0.000219648468821993,-1.11162385817357,-0.236616154518051,62,26,NA,-84.0837469471362,FALSE,FALSE
"163","BRD-K16163479",NA,"HEPG2","trt_cp","down",-0.341795168992,3.18990385420895e-05,0.000219648468821993,-1.11027935933261,0,62,26,NA,-80.587725518002,FALSE,FALSE
"164","BRD-A55236942",NA,"HEPG2","trt_cp","down",-0.341229479133632,3.25082971227024e-05,0.000219921553832624,-1.10844178574904,-1.10844178574904,62,26,NA,-80.6034822343024,FALSE,FALSE
"165","narciclasine","72376","HEPG2","trt_cp","down",-0.341046506677706,3.25082971227024e-05,0.000219921553832624,-1.10784742234204,-1.2666743290227,62,26,"RHOA",-89.0530213503506,FALSE,FALSE
"166","BRD-K26910201",NA,"HEPG2","trt_cp","down",-0.340591874164999,3.25082971227024e-05,0.000219921553832624,-1.10637060481876,-0.0291888578224688,62,26,NA,-82.6262506893563,FALSE,FALSE
"167","SA-1973497","54657695","HEPG2","trt_cp","down",-0.339110888858044,3.43795913345848e-05,0.000224576469763852,-1.10155980710433,-1.10188363552741,62,26,NA,-84.9641534704168,FALSE,FALSE
"168","BRD-K12306437",NA,"HEPG2","trt_cp","down",-0.339078248524714,3.43795913345848e-05,0.000224576469763852,-1.10145377901598,-1.10145377901598,62,26,NA,-82.0304498542504,FALSE,FALSE
"169","BRD-K33891131",NA,"HEPG2","trt_cp","down",-0.338799798871442,3.43795913345848e-05,0.000224576469763852,-1.10054926973472,0.687354386195042,62,26,NA,-80.8418025683448,FALSE,FALSE
"170","BRD-K63158888","54666625","HEPG2","trt_cp","down",-0.338342321322169,3.52499607354604e-05,0.000226187804923955,-1.09906321046181,-0.943285535723815,62,26,NA,-82.6538249428819,FALSE,FALSE
"171","BRD-K86574132","7326481","HEPG2","trt_cp","down",-0.338178118991845,3.52499607354604e-05,0.000226187804923955,-1.09852981948777,0.84636971795249,62,26,NA,-84.9139289372095,FALSE,FALSE
"172","BRD-K88970431",NA,"HEPG2","trt_cp","down",-0.33797964307205,3.52499607354604e-05,0.000226187804923955,-1.09788509499467,0,62,26,NA,-81.2209485543213,FALSE,FALSE
"173","BRD-K47977047","54650155","HEPG2","trt_cp","down",-0.337100929794336,3.62291263114454e-05,0.000228571009765108,-1.0950307035242,-0.010950307035242,62,26,NA,-82.1397620735839,FALSE,FALSE
"174","TPCA-1","9903786","HEPG2","trt_cp","down",-0.336876852934187,3.62291263114454e-05,0.000228571009765108,-1.09430281754073,0,62,26,"CDC42BPB; EPHB1; IKBKB; MAP3K9; NTRK3; NUAK1; RET; TNK2; TYK2",-80.1189632080674,FALSE,FALSE
"175","VU-0418946-1","46742353","HEPG2","trt_cp","down",-0.336236534211134,3.7882828173109e-05,0.000235161627583456,-1.09222282131464,-1.09227713693001,62,26,"HIF1A",-84.1260931221933,FALSE,FALSE
"176","AVA","11719255","HEPG2","trt_cp","down",-0.334409137177232,4.07115287259546e-05,0.000244529248370302,-1.08628674792299,-1.01270744822229,62,26,NA,-82.6479161742693,FALSE,TRUE
"177","BRD-M59180619",NA,"HEPG2","trt_cp","down",-0.334213890601221,4.07115287259546e-05,0.000244529248370302,-1.08565251355401,-1.08565251355401,62,26,NA,-80.3257701095092,FALSE,FALSE
"178","quizartinib","24889392","HEPG2","trt_cp","down",-0.332945218152803,4.20388420622898e-05,0.000248171163209881,-1.0815313879179,0,62,26,"CSF1R; DDR1; FLT3; FLT4; KIT; PDGFRA; PDGFRB; RET",-84.9021113999842,FALSE,FALSE
"179","BRD-K03113036","54654335","HEPG2","trt_cp","down",-0.332266193973308,4.37795808640409e-05,0.000254031643386181,-1.07932566180069,-0.872323413530145,62,26,NA,-83.0841802568345,FALSE,FALSE
"180","BRD-K76674262",NA,"HEPG2","trt_cp","down",-0.331881169975156,4.37795808640409e-05,0.000254031643386181,-1.07807495893307,-1.24481309907189,62,26,NA,-86.9465453399512,FALSE,FALSE
"181","AZ-20",NA,"HEPG2","trt_cp","down",-0.330502317645413,4.57814304860547e-05,0.000261625841481003,-1.07359592757111,-0.966547041055739,62,26,NA,-82.0097691641062,FALSE,FALSE
"182","BRD-K59595706",NA,"HEPG2","trt_cp","down",-0.328482235861454,5.31360519234533e-05,0.000289434999276641,-1.06703394158545,-1.06703394158545,62,26,NA,-81.9733317576617,FALSE,FALSE
"183","BRD-K81335188",NA,"HEPG2","trt_cp","down",-0.328209288171293,5.31360519234533e-05,0.000289434999276641,-1.0661473047513,-0.609386163034625,62,26,NA,-80.1829748680375,FALSE,FALSE
"184","BRD-K55082668","54654200","HEPG2","trt_cp","down",-0.327626206095928,5.31360519234533e-05,0.000289434999276641,-1.06425323470056,-0.946360885351361,62,26,NA,-83.806034822343,FALSE,FALSE
"185","JNK-9L","59588070","HEPG2","trt_cp","down",-0.325557854185845,5.94027116097573e-05,0.000313610738676365,-1.05753444917655,-1.15436962065991,62,26,"MAPK8",-80.570984006933,FALSE,FALSE
"186","BRD-K28934562","71759739","HEPG2","trt_cp","down",-0.32527183883237,6.28841892132596e-05,0.000327009377245416,-1.05660536365333,-0.0280774317812665,62,26,NA,-80.7541558339242,FALSE,FALSE
"187","BRD-K44732214","60190163","HEPG2","trt_cp","down",-0.322070324096275,7.74193582078816e-05,0.00038542292052072,-1.0462056387521,0,62,26,NA,-82.4401244780588,FALSE,FALSE
